gRNA,Spacer,Frequency
gRNA1,GGTATGCGGATGCAATCTTCCG,22.3917
gRNA2,GGTATGCG,11.314
gRNA3,GGTATGCGGATGCAATCCG,7.7581
gRNA4,GGTATGCGGATGCG,5.225
gRNA5,GGTATGCGGATGCAATCTTCTCCG,4.1504
gRNA6,GGTATGCGGATGCCG,2.3522
gRNA7,GGTATGTGGATGCAATCTCCG,2.2672
gRNA8,GGTATGCGGATGCGGATACCG,2.1398
gRNA9,GGTATGCGGATGCACTCTCCG,1.9404
gRNA10,GGTATGCGGATGCAATCTCCG,1.7798
gRNA11,GGTATGCGGATGCTAGATTAGATG,1.6727
gRNA12,GGTATGCGGATGCATATCCG,1.6118
gRNA13,GGTATGCGGATGTAATCTCCG,1.562
gRNA14,GGTATGCGGATGCATCCG,1.4807
gRNA15,GGTATGCGGATACAATCTCCG,1.3496
gRNA16,GGTATGCGGATGCAAT,1.0708
gRNA17,GGTATGCGGTATGC,0.9804
gRNA18,GGTATGC,0.9379
gRNA19,GGTATGCGGATGCAATCTCTG,0.7071
gRNA20,GGTATGCGGATGCGATCTCCG,0.6942
gRNA21,GGTATGCGGATGCAATTCCG,0.6554
gRNA22,GGTATGCGGAGGCAATCTCCG,0.6462
gRNA23,GGTATGCGGATGCAATCCCCG,0.6185
gRNA24,GGTATGCGGATGCAAG,0.5834
gRNA25,GGTATGCGGATGCAATCACCG,0.5576
gRNA26,GGTATGCGGATGCAATACCG,0.5447
gRNA27,GGTATGCGGATGCATACCG,0.5262
gRNA28,GGTATGCGGATGCAAACTCCG,0.4985
gRNA29,GGTATGCAGATGCAATCTCCG,0.4874
gRNA30,AGTATGCGGATGCAATCTCCG,0.432
gRNA31,GGTATGCGGATGAAATCTCCG,0.4228
gRNA32,GGTATGCGGATGTCCG,0.4228
gRNA33,GGTGTGCGGATGCAATCTCCG,0.4136
gRNA34,GGAATGCGGATGCAATCTCCG,0.3896
gRNA35,GGTATGCGGAAGCAATCTCCG,0.3877
gRNA36,GGTATGCGGATGCAATATCCG,0.3877
gRNA37,GGTATCCG,0.3859
gRNA38,GGCATGCGGATGCAATCTCCG,0.3619
gRNA39,GGTAAGCGGATGCAATCTCCG,0.3545
gRNA40,GGTATGCGGATGCAATCTCTCCG,0.3471
gRNA41,GGTATGCGGTATGCG,0.3286
gRNA42,GGTATGCGGATGCAATCTTTCCG,0.3231
gRNA43,GGGATGCGGATGCAATCTCCG,0.3213
gRNA44,GGTATGCGGATGCAATAC,0.3065
gRNA45,GGTATGCGGCG,0.3065
gRNA46,GGTATGCGGATGCAATCTCCA,0.3028
gRNA47,GGTATGCGGATGCAGTCTCCG,0.3028
gRNA48,GGTATGCGGATGCAATCTCAG,0.2991
gRNA49,GGTATGCGGGTGCAATCTCCG,0.2991
gRNA50,GGTATGCGG,0.2973
gRNA51,GGTATGCGGACGCAATCTCCG,0.2917
gRNA52,GGTATGCGGATGCAATCTACG,0.2917
gRNA53,GGTATGCGGATGCACCG,0.2825
gRNA54,GATATGCGGATGCAATCTCCG,0.2806
gRNA55,GGTATGCGGATGCAACCTCCG,0.264
gRNA56,GGTATGCGGATGCAATCTCCT,0.2603
gRNA57,GGTATG,0.2585
gRNA58,GGTATGAGGATGCAATCTCCG,0.2529
gRNA59,GGTATGCGGATGCAATCGCCG,0.2271
gRNA60,GGTATGCGGATGCGGTATGCG,0.2271
gRNA61,GGTATGCTGATGCAATCTCCG,0.216
gRNA62,GGTACGCGGATGCAATCTCCG,0.2142
gRNA63,GGTATGCGGATTCAATCTCCG,0.2123
gRNA64,GGTATGCGGATGCA,0.2105
gRNA65,GGTATGCGGATGCAATTTCCG,0.2086
gRNA66,GGTATGCGGTTGCAATCTCCG,0.2031
gRNA67,GGTATGCGGATGATCCG,0.1994
gRNA68,GGTATGCGGATG,0.1957
gRNA69,GGTATGCGAATGCAATCTCCG,0.1865
gRNA70,GGTATACGGATGCAATCTCCG,0.1828
gRNA71,TGTATGCGGATGCAATCTCCG,0.1736
gRNA72,GTTATGCGGATGCAATCTCCG,0.1625
gRNA73,GGTATGCGGATGCAATCCGGCATTAGTCCG,0.1606
gRNA74,GGTATGCGGATCCAATCTCCG,0.1532
gRNA75,GGTATGCGGATCCG,0.1532
gRNA76,GGTATGCGGATGCAATCCCG,0.1532
gRNA77,AGTATGCGGATGCAATCTTCCG,0.1477
gRNA78,GGTATGCGTATGCAATCTCCG,0.144
gRNA79,GGATTGCGGCCG,0.1366
gRNA80,GGTCTGCGGATGCAATCTCCG,0.1366
gRNA81,GGTATGCGGATGCAATCG,0.1329
gRNA82,CGTATGCGGATGCAATCTCCG,0.1219
gRNA83,GGTATGCGGATGC,0.1219
gRNA84,GGTATGCGGATAACCG,0.1163
gRNA85,GGTATGCGGATGCGGACCG,0.1145
gRNA86,GGTATTCGGATGCAATCTCCG,0.1126
gRNA87,GGTATGCGGATGCAACCG,0.1052
gRNA88,GGTATGCGGATGCCATCTCCG,0.1015
gRNA89,GGTATGCGGATGCTATCTCCG,0.1015
gRNA90,GCTATGCGGATGCAATCTCCG,0.096
gRNA91,GGTATGCGGTCCG,0.0942
gRNA92,GGTATGCGGATACCG,0.0886
gRNA93,GGTATGCGCATGCAATCTCCG,0.0868
gRNA94,GGTATGCGGATGCAATCTCCC,0.0849
gRNA95,GGTAGGCGGATGCAATCTCCG,0.0831
gRNA96,GGTATGCGGATGCAA,0.0831
gRNA97,GGTATGCGGATGGAATCTCCG,0.0831
gRNA98,GGTATGCGGATGCAATCTACCG,0.0812
gRNA99,GGTATCCGGATGCAATCTCCG,0.0794
gRNA100,GGTATGCGGATGCAAGCTCCG,0.0794
gRNA101,GGTATGCGGATGCTCCG,0.0794
gRNA102,GGTATGCGGATGCAATCTTCG,0.0739
gRNA103,GGTATGCCGATGCAATCTCCG,0.0702
gRNA104,GGTATGCGGATGCAATCTCC,0.0702
gRNA105,GGTATGCGGATGCAATCTCGG,0.0683
gRNA106,GGTATGCGGATGCATAACCG,0.0665
gRNA107,GGTATGCGGATGCATAATCCG,0.0628
gRNA108,GGTATGGGGATGCAATCTCCG,0.0628
gRNA109,GGTATGCGGATGCAATCTAACCG,0.0609
gRNA110,GGTATGCGGATGCCCG,0.0609
gRNA111,GGTATGCGGAT,0.0572
gRNA112,GGTATGCGGCTGCAATCTCCG,0.0572
gRNA113,GGTATGCGGATGCATACCGGTATGCG,0.0535
gRNA114,GGTATGCGGATGCAATGTCCG,0.0517
gRNA115,GGTATGCGGATGCAATAATCCG,0.0425
gRNA116,GGTATGCGGATGCAATCCTCCG,0.0425
gRNA117,GGTATGCGGATGCAATCTGCCG,0.0425
gRNA118,GGTATGCGGATGCAATC,0.0351
gRNA119,GGTATGCGGATGCAATCTCG,0.0351
gRNA120,GGTATGCGGATTCCG,0.0351
gRNA121,GGTATGCGGATGCTTCCG,0.0332
gRNA122,GGTATGCGGATGCAATACG,0.0295
gRNA123,GGTATGCGGATGCAATCATCCG,0.0295
gRNA124,GGTATGCGGATGCAAATCCG,0.0277
gRNA125,GGTATGCGGTATCCG,0.0277
gRNA126,GGTATGCTCCG,0.0277
gRNA127,GGTATGCGGATGCATACCCCG,0.0258
gRNA128,GGTATGCGGATGCATTCTCCG,0.0258
gRNA129,GGTTTGCGGATGCAATCTCCG,0.0258
gRNA130,GGTAT,0.024
gRNA131,GGTATGCCG,0.024
gRNA132,GGTATGCGGATGCAATCTCCCG,0.024
gRNA133,GGTATGCGGATGCAATAACCG,0.0222
gRNA134,GGTATGCGGATGCAATCTAACCCCG,0.0222
gRNA135,GGTATGCGGATGCAATCTAATCCG,0.0222
gRNA136,GGTATGCGGATGCAATCTTTTCCG,0.0222
gRNA137,GGTATGCGGATGCGGATGCG,0.0222
gRNA138,GGTATGCGGGTGCG,0.0222
gRNA139,GGTATGTGGATGCAATCTTCCG,0.0222
gRNA140,GGTAAAACCG,0.0203
gRNA141,GGTATGCGGATGCAATCC,0.0203
gRNA142,GGTATGCGGATGCAATCTGCG,0.0203
gRNA143,GGTATGCGGATGCACG,0.0203
gRNA144,GGTATGCGGATGCACTCCG,0.0203
gRNA145,GGTATGCGGATGCAGCCG,0.0203
gRNA146,GGTATGCGGATGCCCCG,0.0203
gRNA147,GGTATGCGGATGCTCTAACCG,0.0203
gRNA148,GGTATGCGGTATG,0.0203
gRNA149,GGTATACCG,0.0185
gRNA150,GGTATGCGGAAGCAATCTTCCG,0.0185
gRNA151,GGTATGCGGATGCAATCT,0.0185
gRNA152,GGTATGCGGATGCAATGCCG,0.0185
gRNA153,GGTATGCGGATGCATAACCCCG,0.0185
gRNA154,GGTATGCGGATGCTTCTAGCTCTACCG,0.0185
gRNA155,GGTATGCGGTATGCGGTATGCG,0.0185
gRNA156,GGTATTCCG,0.0185
gRNA157,GGTAAGCGGAAGCAATCTCCG,0.0166
gRNA158,GGTAAGCGGATGCAATCACCG,0.0166
gRNA159,GGTATGCGGA,0.0166
gRNA160,GGTATGCGGATGCAAAATCCG,0.0166
gRNA161,GGTATGCGGATGCAAATCTCCG,0.0166
gRNA162,GGTATGCGGATGCACTCCCCG,0.0166
gRNA163,GGTATGCGGATGCACTCTTCCG,0.0166
gRNA164,GGTATGCGGATGTCTG,0.0166
gRNA165,GGTATGCGGTATGCGGATGCATACCG,0.0166
gRNA166,GGTATGTGGATGCG,0.0166
gRNA167,GGGATGCGGATGCACTCTCCG,0.0148
gRNA168,GGTATGCGGATGCAAACTTCCG,0.0148
gRNA169,GGTATGCGGATGCAAGCCG,0.0148
gRNA170,GGTATGCGGATGCAATATGCG,0.0148
gRNA171,GGTATGCGGATGCAATCTATCCG,0.0148
gRNA172,GGTATGCGGATGCAATCTGTCCG,0.0148
gRNA173,GGTATGCGGATGCCGGTATGCGGATACCG,0.0148
gRNA174,GGTATGCGGATGG,0.0148
gRNA175,GGTATGCGGATGTAATCCG,0.0148
gRNA176,GGTATGCGGTAACCG,0.0148
gRNA177,GGGATGCG,0.0129
gRNA178,GGTATGCGGATGAAATCTTCCG,0.0129
gRNA179,GGTATGCGGATGCAAACCG,0.0129
gRNA180,GGTATGCGGATGCAATAGCCG,0.0129
gRNA181,GGTATGCGGATGCAATGCG,0.0129
gRNA182,GGTATGCGGATGCATACG,0.0129
gRNA183,GGTATGCGGATGCGGATCCG,0.0129
gRNA184,GGTATGCGGATGCGGTATCCG,0.0129
gRNA185,GGTATGCGGG,0.0129
gRNA186,GGTATGCGTCCG,0.0129
gRNA187,GGTATGTGGATGCAATCTTCTCCG,0.0129
gRNA188,GTATGCGGATGCAATCTCCG,0.0129
gRNA189,GCAATGCGGATGCAATCTCCG,0.0111
gRNA190,GGTATGAGGATGAAATCTCCG,0.0111
gRNA191,GGTATGCGGATGCAATACCCCG,0.0111
gRNA192,GGTATGCGGATGCAATACCCG,0.0111
gRNA193,GGTATGCGGATGCAATCAG,0.0111
gRNA194,GGTATGCGGATGCAATCGCG,0.0111
gRNA195,GGTATGCGGATGCAATCGTCCG,0.0111
gRNA196,GGTATGCGGATGCAATCTACC,0.0111
gRNA197,GGTATGCGGATGCAATGGCCG,0.0111
gRNA198,GGTATGCGGATGCAATTTTCCG,0.0111
gRNA199,GGTATGCGGATGCATCTCCG,0.0111
gRNA200,GGTATGCGGATGCTCTAACCCCG,0.0111
gRNA201,GGTATGCGGATGTAATCTTCCG,0.0111
gRNA202,GGTATGGGATGCAATCTCCG,0.0111
gRNA203,GGTCTGCG,0.0111
gRNA204,GATATGCGGATGCAATCTTCCG,0.0092
gRNA205,GGAATGCGGATGCAATATCCG,0.0092
gRNA206,GGAATGCGGATGCAATCCG,0.0092
gRNA207,GGTAAGCGGAAGCAATCACCG,0.0092
gRNA208,GGTAAGCGGATGCAATCCG,0.0092
gRNA209,GGTATGAGGATGCAATCTCAG,0.0092
gRNA210,GGTATGCATCCG,0.0092
gRNA211,GGTATGCGGATACAATCTTCCG,0.0092
gRNA212,GGTATGCGGATGAAAACTCCG,0.0092
gRNA213,GGTATGCGGATGCAATATTCCG,0.0092
gRNA214,GGTATGCGGATGCAATCAGGGTTA,0.0092
gRNA215,GGTATGCGGATGCAATCCGCG,0.0092
gRNA216,GGTATGCGGATGCAATCTAC,0.0092
gRNA217,GGTATGCGGATGCAATCTCAATCCG,0.0092
gRNA218,GGTATGCGGATGCAATCTTGCCG,0.0092
gRNA219,GGTATGCGGATGCAG,0.0092
gRNA220,GGTATGCGGATGCATA,0.0092
gRNA221,GGTATGCGGATGCATACCCG,0.0092
gRNA222,GGTATGCGGATGCT,0.0092
gRNA223,GGTATGCGGATTGCG,0.0092
gRNA224,GGTATGCGGCCG,0.0092
gRNA225,GGTATGCGGTATACCG,0.0092
gRNA226,GGTATGCGGTATGCGGATGCG,0.0092
gRNA227,GGTATTCGGATGCAATATCCG,0.0092
gRNA228,GGTATTGCGGATTCTAGCTCCG,0.0092
gRNA229,GTTATGCGGATGAAATCTCCG,0.0092
gRNA230,GTTATGCGGATGCAATCTTCCG,0.0092
gRNA231,CG,0.0074
gRNA232,CGTATGCGGATGCAAACTCCG,0.0074
gRNA233,GGAATGCGGATCCAATCTCCG,0.0074
gRNA234,GGAATGCGGATGCAATCACCG,0.0074
gRNA235,GGTAAGCGGATGCAATCTTCCG,0.0074
gRNA236,GGTACCG,0.0074
gRNA237,GGTATACG,0.0074
gRNA238,GGTATGAGGATGCAATATCCG,0.0074
gRNA239,GGTATGAGGATGCAATCTTCCG,0.0074
gRNA240,GGTATGCGGACCG,0.0074
gRNA241,GGTATGCGGATGAG,0.0074
gRNA242,GGTATGCGGATGCAAATG,0.0074
gRNA243,GGTATGCGGATGCAACCCG,0.0074
gRNA244,GGTATGCGGATGCAACTCCG,0.0074
gRNA245,GGTATGCGGATGCAATACC,0.0074
gRNA246,GGTATGCGGATGCAATATACG,0.0074
gRNA247,GGTATGCGGATGCAATCAATCCG,0.0074
gRNA248,GGTATGCGGATGCAATCCCCCG,0.0074
gRNA249,GGTATGCGGATGCAATCCGGGGTTAATCCG,0.0074
gRNA250,GGTATGCGGATGCAATCGCACCG,0.0074
gRNA251,GGTATGCGGATGCAATCGCATCCG,0.0074
gRNA252,GGTATGCGGATGCAATCTT,0.0074
gRNA253,GGTATGCGGATGCAATCTTACG,0.0074
gRNA254,GGTATGCGGATGCAATCTTGCG,0.0074
gRNA255,GGTATGCGGATGCACCCG,0.0074
gRNA256,GGTATGCGGATGCACTTCCG,0.0074
gRNA257,GGTATGCGGATGCATACC,0.0074
gRNA258,GGTATGCGGATGCATCTAACCCCG,0.0074
gRNA259,GGTATGCGGATGCATGCG,0.0074
gRNA260,GGTATGCGGATGCCCATCCG,0.0074
gRNA261,GGTATGCGGATGCTCGATTAGATG,0.0074
gRNA262,GGTATGCGGATGCTCTCCG,0.0074
gRNA263,GGTATGCGGATGCTG,0.0074
gRNA264,GGTATGCGGATGGTCCG,0.0074
gRNA265,GGTATGCGGATGTG,0.0074
gRNA266,GGTATGCGGATTCAATCTACG,0.0074
gRNA267,GGTATGCGGCTGCACTCTCCG,0.0074
gRNA268,GGTATGCGGGTGCAATCTTCCG,0.0074
gRNA269,GGTCTGCGGATGCACTCTCCG,0.0074
gRNA270,TGTATGCG,0.0074
gRNA271,CCTATGCGGATGCAATCTCCG,0.0055
gRNA272,CGTATGCGGATTCAATCTCCG,0.0055
gRNA273,GCATACCG,0.0055
gRNA274,GGT,0.0055
gRNA275,GGTAACCGGATGCAATCTCCG,0.0055
gRNA276,GGTAAGCGGATGCAAACTCCG,0.0055
gRNA277,GGTAAGCGGATGCG,0.0055
gRNA278,GGTAGGCGGATGCAATCCG,0.0055
gRNA279,GGTATGCGGAACCAATCTCCG,0.0055
gRNA280,GGTATGCGGAAGCAATCACCG,0.0055
gRNA281,GGTATGCGGATATCCG,0.0055
gRNA282,GGTATGCGGATGAAATCACCG,0.0055
gRNA283,GGTATGCGGATGAATCTCCG,0.0055
gRNA284,GGTATGCGGATGCAAACTACG,0.0055
gRNA285,GGTATGCGGATGCAAC,0.0055
gRNA286,GGTATGCGGATGCAACC,0.0055
gRNA287,GGTATGCGGATGCAACTTCCG,0.0055
gRNA288,GGTATGCGGATGCAATA,0.0055
gRNA289,GGTATGCGGATGCAATAGCG,0.0055
gRNA290,GGTATGCGGATGCAATCAGGATGCG,0.0055
gRNA291,GGTATGCGGATGCAATCAGGGTTAG,0.0055
gRNA292,GGTATGCGGATGCAATCCGCATCTAACCG,0.0055
gRNA293,GGTATGCGGATGCAATCCT,0.0055
gRNA294,GGTATGCGGATGCAATCGCAATGCG,0.0055
gRNA295,GGTATGCGGATGCAATCGG,0.0055
gRNA296,GGTATGCGGATGCAATCTCCAG,0.0055
gRNA297,GGTATGCGGATGCAATCTCCTG,0.0055
gRNA298,GGTATGCGGATGCAATCTTCCA,0.0055
gRNA299,GGTATGCGGATGCAATCTTCCT,0.0055
gRNA300,GGTATGCGGATGCAATGCGGTATGCG,0.0055
gRNA301,GGTATGCGGATGCAATTCG,0.0055
gRNA302,GGTATGCGGATGCACGCG,0.0055
gRNA303,GGTATGCGGATGCACTCGCCG,0.0055
gRNA304,GGTATGCGGATGCAGTCTTCCG,0.0055
gRNA305,GGTATGCGGATGCAT,0.0055
gRNA306,GGTATGCGGATGCATAC,0.0055
gRNA307,GGTATGCGGATGCATATTCCG,0.0055
gRNA308,GGTATGCGGATGCCAGG,0.0055
gRNA309,GGTATGCGGATGCCCTCTCCG,0.0055
gRNA310,GGTATGCGGATGCGAGATTAGATG,0.0055
gRNA311,GGTATGCGGATGCGCCG,0.0055
gRNA312,GGTATGCGGATGCGGTATG,0.0055
gRNA313,GGTATGCGGATGTATCCG,0.0055
gRNA314,GGTATGCGGATGTTAATCCG,0.0055
gRNA315,GGTATGCGGATTAGACCG,0.0055
gRNA316,GGTATGCGGATTCAATATCCG,0.0055
gRNA317,GGTATGCGGATTCAATCTTCCG,0.0055
gRNA318,GGTATGCGGATTGCATATACGATACAAGG,0.0055
gRNA319,GGTATGCGGGCCG,0.0055
gRNA320,GGTATGCGGGTGCAATCCG,0.0055
gRNA321,GGTATGCGGTACCG,0.0055
gRNA322,GGTATGCGGTATGCGGTATCCG,0.0055
gRNA323,GGTATGCGTAAGCAATCTCCG,0.0055
gRNA324,GGTATGCTGATGAAATCTCCG,0.0055
gRNA325,GGTATGCTGATGCAATCTTCCG,0.0055
gRNA326,GGTATGTG,0.0055
gRNA327,GGTATGTGGATGCAAT,0.0055
gRNA328,GGTATGTGGATGCAATCTCTG,0.0055
gRNA329,GGTATGTGGATGCCG,0.0055
gRNA330,GGTATGTTTGTTACCG,0.0055
gRNA331,GGTATTCG,0.0055
gRNA332,GGTCTGCGGATGCATCCG,0.0055
gRNA333,GTTATGCGGATGCAATCACCG,0.0055
gRNA334,TGTATGCGGATGCAATCACCG,0.0055
gRNA335,ACAGTTATGTTGGTCATGGGC,0.0037
gRNA336,CCTCTT,0.0037
gRNA337,CGTATG,0.0037
gRNA338,GATATGCGGATGCAATCCG,0.0037
gRNA339,GCTCCG,0.0037
gRNA340,GG,0.0037
gRNA341,GGAATGAGGATGCAATCTCCG,0.0037
gRNA342,GGAATGCGGATGCAAACTCCG,0.0037
gRNA343,GGAATGCGGATGCAATCTACCG,0.0037
gRNA344,GGAATGCGGATGCAATCTCCT,0.0037
gRNA345,GGAATGCGGATGCAATCTTCCG,0.0037
gRNA346,GGATGCG,0.0037
gRNA347,GGCCG,0.0037
gRNA348,GGGATGCGGAGGCAATCTCCG,0.0037
gRNA349,GGGATGCGGATGCAAACTCCG,0.0037
gRNA350,GGGATGCGGATGCAATCCG,0.0037
gRNA351,GGGATGCGGATGCAATCTTCCG,0.0037
gRNA352,GGGATGCGGATGCG,0.0037
gRNA353,GGGTAGACT,0.0037
gRNA354,GGTA,0.0037
gRNA355,GGTAACCG,0.0037
gRNA356,GGTAAGCCCTCG,0.0037
gRNA357,GGTAAGCG,0.0037
gRNA358,GGTAAGCGGATGCACTCTCCG,0.0037
gRNA359,GGTAAGCGTATGCAATCTCCG,0.0037
gRNA360,GGTAATCCG,0.0037
gRNA361,GGTAATCGGATGCAATCTACG,0.0037
gRNA362,GGTAGGCG,0.0037
gRNA363,GGTATAACACCG,0.0037
gRNA364,GGTATACGGATGCAATCCG,0.0037
gRNA365,GGTATCCGGATGCAAACTCCG,0.0037
gRNA366,GGTATCCGGATGCAATCCG,0.0037
gRNA367,GGTATCTCCG,0.0037
gRNA368,GGTATGCA,0.0037
gRNA369,GGTATGCAGATGCAATCTTCCG,0.0037
gRNA370,GGTATGCATACCCCG,0.0037
gRNA371,GGTATGCCCATGCAATCTCCG,0.0037
gRNA372,GGTATGCCGATGCAATCTTCCG,0.0037
gRNA373,GGTATGCCGATGCG,0.0037
gRNA374,GGTATGCGATGCAATCTCCG,0.0037
gRNA375,GGTATGCGGAAAAACGCCG,0.0037
gRNA376,GGTATGCGGAAGCAAACTCCG,0.0037
gRNA377,GGTATGCGGAAGCAATCTACG,0.0037
gRNA378,GGTATGCGGAATCAATCTCCG,0.0037
gRNA379,GGTATGCGGACGCAATCTTCCG,0.0037
gRNA380,GGTATGCGGATA,0.0037
gRNA381,GGTATGCGGATAATCCG,0.0037
gRNA382,GGTATGCGGATAC,0.0037
gRNA383,GGTATGCGGATACAATCCG,0.0037
gRNA384,GGTATGCGGATACACTCTCCG,0.0037
gRNA385,GGTATGCGGATACGATACAAGG,0.0037
gRNA386,GGTATGCGGATATTTCTAGCCG,0.0037
gRNA387,GGTATGCGGATCCCCG,0.0037
gRNA388,GGTATGCGGATCG,0.0037
gRNA389,GGTATGCGGATCTAACCG,0.0037
gRNA390,GGTATGCGGATGAAATAACCG,0.0037
gRNA391,GGTATGCGGATGAAATATCCG,0.0037
gRNA392,GGTATGCGGATGAAATCCG,0.0037
gRNA393,GGTATGCGGATGAAATCTACG,0.0037
gRNA394,GGTATGCGGATGAAATCTCAG,0.0037
gRNA395,GGTATGCGGATGACCG,0.0037
gRNA396,GGTATGCGGATGATACCG,0.0037
gRNA397,GGTATGCGGATGATCC,0.0037
gRNA398,GGTATGCGGATGCAAAACCG,0.0037
gRNA399,GGTATGCGGATGCAAATCTAACCG,0.0037
gRNA400,GGTATGCGGATGCAACCCCCG,0.0037
gRNA401,GGTATGCGGATGCAACCGCTCTAACCG,0.0037
gRNA402,GGTATGCGGATGCAAGGG,0.0037
gRNA403,GGTATGCGGATGCAAGGTGCACG,0.0037
gRNA404,GGTATGCGGATGCAATAACATCCG,0.0037
gRNA405,GGTATGCGGATGCAATAACG,0.0037
gRNA406,GGTATGCGGATGCAATAATAACCG,0.0037
gRNA407,GGTATGCGGATGCAATAATACCG,0.0037
gRNA408,GGTATGCGGATGCAATACCCCCG,0.0037
gRNA409,GGTATGCGGATGCAATACCGG,0.0037
gRNA410,GGTATGCGGATGCAATACCGGTATGCG,0.0037
gRNA411,GGTATGCGGATGCAATAGCTCCG,0.0037
gRNA412,GGTATGCGGATGCAATATAATAACCG,0.0037
gRNA413,GGTATGCGGATGCAATATCC,0.0037
gRNA414,GGTATGCGGATGCAATCA,0.0037
gRNA415,GGTATGCGGATGCAATCCCGG,0.0037
gRNA416,GGTATGCGGATGCAATCCGCATAATCCG,0.0037
gRNA417,GGTATGCGGATGCAATCCGCATTAGAT,0.0037
gRNA418,GGTATGCGGATGCAATCCGG,0.0037
gRNA419,GGTATGCGGATGCAATCCTTCCCCG,0.0037
gRNA420,GGTATGCGGATGCAATCTAACCCCCG,0.0037
gRNA421,GGTATGCGGATGCAATCTAATCTCCG,0.0037
gRNA422,GGTATGCGGATGCAATCTATTTCTAGCTCCG,0.0037
gRNA423,GGTATGCGGATGCAATCTCCCCG,0.0037
gRNA424,GGTATGCGGATGCAATCTCGCCG,0.0037
gRNA425,GGTATGCGGATGCAATCTG,0.0037
gRNA426,GGTATGCGGATGCAATCTGCGCCG,0.0037
gRNA427,GGTATGCGGATGCAATCTTCACCG,0.0037
gRNA428,GGTATGCGGATGCAATCTTCAG,0.0037
gRNA429,GGTATGCGGATGCAATCTTCCCG,0.0037
gRNA430,GGTATGCGGATGCAATCTTCTG,0.0037
gRNA431,GGTATGCGGATGCAATCTTTT,0.0037
gRNA432,GGTATGCGGATGCAATTCCCG,0.0037
gRNA433,GGTATGCGGATGCAATTGCG,0.0037
gRNA434,GGTATGCGGATGCACTCCCG,0.0037
gRNA435,GGTATGCGGATGCACTCTCAG,0.0037
gRNA436,GGTATGCGGATGCATAACCCC,0.0037
gRNA437,GGTATGCGGATGCATACAACCG,0.0037
gRNA438,GGTATGCGGATGCATACACCCCG,0.0037
gRNA439,GGTATGCGGATGCATACATGTAAACCG,0.0037
gRNA440,GGTATGCGGATGCATACCCCCG,0.0037
gRNA441,GGTATGCGGATGCATACCGCATCCG,0.0037
gRNA442,GGTATGCGGATGCATACTCCG,0.0037
gRNA443,GGTATGCGGATGCATACTTTCTACG,0.0037
gRNA444,GGTATGCGGATGCATAGCCG,0.0037
gRNA445,GGTATGCGGATGCATATAACCG,0.0037
gRNA446,GGTATGCGGATGCATATCC,0.0037
gRNA447,GGTATGCGGATGCATATTTCGTCCTAATGCG,0.0037
gRNA448,GGTATGCGGATGCATCC,0.0037
gRNA449,GGTATGCGGATGCATCCCCCG,0.0037
gRNA450,GGTATGCGGATGCATCCCCG,0.0037
gRNA451,GGTATGCGGATGCATCTAACCG,0.0037
gRNA452,GGTATGCGGATGCATCTTCCG,0.0037
gRNA453,GGTATGCGGATGCATG,0.0037
gRNA454,GGTATGCGGATGCATGGATCCG,0.0037
gRNA455,GGTATGCGGATGCATGTCCG,0.0037
gRNA456,GGTATGCGGATGCCACACATCCG,0.0037
gRNA457,GGTATGCGGATGCCACCC,0.0037
gRNA458,GGTATGCGGATGCCCCCG,0.0037
gRNA459,GGTATGCGGATGCCCCGGATGTTCCG,0.0037
gRNA460,GGTATGCGGATGCCGGATACCG,0.0037
gRNA461,GGTATGCGGATGCCTCCG,0.0037
gRNA462,GGTATGCGGATGCCTTA,0.0037
gRNA463,GGTATGCGGATGCGC,0.0037
gRNA464,GGTATGCGGATGCGG,0.0037
gRNA465,GGTATGCGGATGCGGATGCAAG,0.0037
gRNA466,GGTATGCGGATGCGGATGGATATCTAATCCG,0.0037
gRNA467,GGTATGCGGATGCGGGGATCCG,0.0037
gRNA468,GGTATGCGGATGCGGGGTTGTATGCG,0.0037
gRNA469,GGTATGCGGATGCGGTATACG,0.0037
gRNA470,GGTATGCGGATGCTA,0.0037
gRNA471,GGTATGCGGATGCTAG,0.0037
gRNA472,GGTATGCGGATGCTAGATGCTAGATGCG,0.0037
gRNA473,GGTATGCGGATGCTCTAATCCG,0.0037
gRNA474,GGTATGCGGATGGCCG,0.0037
gRNA475,GGTATGCGGATGGCG,0.0037
gRNA476,GGTATGCGGATGGTATAG,0.0037
gRNA477,GGTATGCGGATGGTATCCG,0.0037
gRNA478,GGTATGCGGATGTAAT,0.0037
gRNA479,GGTATGCGGATGTCG,0.0037
gRNA480,GGTATGCGGATGTTATCCG,0.0037
gRNA481,GGTATGCGGATGTTTTA,0.0037
gRNA482,GGTATGCGGATT,0.0037
gRNA483,GGTATGCGGATTACCG,0.0037
gRNA484,GGTATGCGGATTAG,0.0037
gRNA485,GGTATGCGGATTCAATCACCG,0.0037
gRNA486,GGTATGCGGATTCAATCGCCG,0.0037
gRNA487,GGTATGCGGATTGCATCCG,0.0037
gRNA488,GGTATGCGGATTTCCG,0.0037
gRNA489,GGTATGCGGCATCCG,0.0037
gRNA490,GGTATGCGGT,0.0037
gRNA491,GGTATGCGGTAATCCG,0.0037
gRNA492,GGTATGCGGTATGCAATCTCCG,0.0037
gRNA493,GGTATGCGGTATGCGGTAACCG,0.0037
gRNA494,GGTATGCGGTATGCGGTATACCG,0.0037
gRNA495,GGTATGCGGTATGG,0.0037
gRNA496,GGTATGCGGTATGT,0.0037
gRNA497,GGTATGCGGTATTCCAACCCG,0.0037
gRNA498,GGTATGCGGTATTCCG,0.0037
gRNA499,GGTATGCGGTG,0.0037
gRNA500,GGTATGCGGTTCCG,0.0037
gRNA501,GGTATGCGGTTGCAATCTTCCG,0.0037
gRNA502,GGTATGCGTAACCCCG,0.0037
gRNA503,GGTATGCGTATGCAATCTCAG,0.0037
gRNA504,GGTATGCGTATGCAATCTTCCG,0.0037
gRNA505,GGTATGCTGATGCAATCACCG,0.0037
gRNA506,GGTATGCTGATGTAATCTCCG,0.0037
gRNA507,GGTATGG,0.0037
gRNA508,GGTATGTCCG,0.0037
gRNA509,GGTATGTGGATACAATCTCCG,0.0037
gRNA510,GGTATGTGGATGCAATCACCG,0.0037
gRNA511,GGTATTCGGATGCAATCTTCCG,0.0037
gRNA512,GGTATTCGGATGCATCCG,0.0037
gRNA513,GGTATTCTGATGCAATCTCCG,0.0037
gRNA514,GGTCAGCGGATGCAATCTCCG,0.0037
gRNA515,GGTCTGCGGATCCG,0.0037
gRNA516,GGTGTGCGGATGCAATCTTCCG,0.0037
gRNA517,GGTTCCG,0.0037
gRNA518,GGTTGCGGATGCAATCTCCG,0.0037
gRNA519,GTCCG,0.0037
gRNA520,GTTATGCGGAAGCAATCTCCG,0.0037
gRNA521,GTTATGCGGATGCAATCCG,0.0037
gRNA522,GTTATGCGGATGCG,0.0037
gRNA523,TCCG,0.0037
gRNA524,TGAATGCGGATGCAATCTCCG,0.0037
gRNA525,TGTATGCGGATGCAATCCG,0.0037
gRNA526,TGTATGCGTATGCAATCTCCG,0.0037
gRNA527,TGTATGCTGATGCAATCTCCG,0.0037
gRNA528,TGTATTCGGATGCAATCTCCG,0.0037
gRNA529,TTCCG,0.0037
gRNA530,AACG,0.0018
gRNA531,AATATGTAGGCAGTTTTCTT,0.0018
gRNA532,AGCCACCCCG,0.0018
gRNA533,AGTACGCGGATGCAATCTCCG,0.0018
gRNA534,AGTATGCGGATGCAATTCCG,0.0018
gRNA535,AGTATGCGGATGGTATGCGGATACCG,0.0018
gRNA536,AGTCCCTGAAC,0.0018
gRNA537,AGTGTGCGGATGCAATCTTCCG,0.0018
gRNA538,ATAAATGGTCACAATGCAG,0.0018
gRNA539,ATCCG,0.0018
gRNA540,ATGCG,0.0018
gRNA541,CACCG,0.0018
gRNA542,CAGG,0.0018
gRNA543,CATCTGCCTTTGCGGTTTG,0.0018
gRNA544,CCAATGCGGATGCAATCTCCG,0.0018
gRNA545,CCCG,0.0018
gRNA546,CCGG,0.0018
gRNA547,CCTATGCGGATGAACTCTCCG,0.0018
gRNA548,CGAATGCGGATGCAAACTCAG,0.0018
gRNA549,CGTAAGCGGATGCAATCTCCG,0.0018
gRNA550,CGTAAGCGGATGCAATCTTCCG,0.0018
gRNA551,CGTAATCCGAATCAAAAATCCG,0.0018
gRNA552,CGTAATCCGATGCAAAACC,0.0018
gRNA553,CGTAGGCGGATGCAATCTCCG,0.0018
gRNA554,CGTATGCCGAAGCAAACTTCCG,0.0018
gRNA555,CGTATGCGGAATCAATCTCCG,0.0018
gRNA556,CGTATGCGGATCCCG,0.0018
gRNA557,CGTATGCGGATGCAA,0.0018
gRNA558,CGTATGCGGATGCAATCCG,0.0018
gRNA559,CGTATGCGGATGCAATCTCAG,0.0018
gRNA560,CGTATGTGGATGCAATCTCCG,0.0018
gRNA561,CGTATTCGGATGCAAACTCCG,0.0018
gRNA562,CTCGCTCTTTTTTTTC,0.0018
gRNA563,GATATGCGGATGCAAT,0.0018
gRNA564,GATATGCGGATGCAATACCG,0.0018
gRNA565,GATATGCGGATGCAATCTTCTCCG,0.0018
gRNA566,GATATGCGGATGCATAACCG,0.0018
gRNA567,GCAAAGCGGATGCAATCTCCG,0.0018
gRNA568,GCTATGAGGATGCAATCTCCG,0.0018
gRNA569,GCTATGCGGATGCAATCTCAG,0.0018
gRNA570,GCTATGCGGATGCAATCTTCAG,0.0018
gRNA571,GCTATGCGGATGCAATCTTCTCCG,0.0018
gRNA572,GCTATGCGGATGCACTCTACG,0.0018
gRNA573,GGAAAGCGCATGCAATCTCCG,0.0018
gRNA574,GGAAAGCGGAGGCAATCTCCC,0.0018
gRNA575,GGAAAGCGGATGCAATCTCCG,0.0018
gRNA576,GGAATCCCGAATCAAACG,0.0018
gRNA577,GGAATCCG,0.0018
gRNA578,GGAATCCGGATGCAATCTCCG,0.0018
gRNA579,GGAATCCGGATTTCCG,0.0018
gRNA580,GGAATGCCGATCCAATCTCCG,0.0018
gRNA581,GGAATGCG,0.0018
gRNA582,GGAATGCGCATCCAATCACCG,0.0018
gRNA583,GGAATGCGCATGCAATCTCCC,0.0018
gRNA584,GGAATGCGCATGCAATCTCCG,0.0018
gRNA585,GGAATGCGGATGAAATAACCG,0.0018
gRNA586,GGAATGCGGATGAATCCG,0.0018
gRNA587,GGAATGCGGATGCAAA,0.0018
gRNA588,GGAATGCGGATGCAAAAACCG,0.0018
gRNA589,GGAATGCGGATGCAAAATCCG,0.0018
gRNA590,GGAATGCGGATGCAAACCG,0.0018
gRNA591,GGAATGCGGATGCAAACTACG,0.0018
gRNA592,GGAATGCGGATGCAAGCTCCG,0.0018
gRNA593,GGAATGCGGATGCAAT,0.0018
gRNA594,GGAATGCGGATGCAATACCG,0.0018
gRNA595,GGAATGCGGATGCAATCCCG,0.0018
gRNA596,GGAATGCGGATGCAATCTCCA,0.0018
gRNA597,GGAATGCGGATGCACTCTCCG,0.0018
gRNA598,GGAATGCGGATGCG,0.0018
gRNA599,GGAATGCGGATGCGTAACCCC,0.0018
gRNA600,GGAATGCGTATGCAATCTCCG,0.0018
gRNA601,GGAATGCTGTCCG,0.0018
gRNA602,GGAATTCGGATGAAATCTCCG,0.0018
gRNA603,GGACCCG,0.0018
gRNA604,GGACCG,0.0018
gRNA605,GGACTGCGGATGCG,0.0018
gRNA606,GGAGCCATAC,0.0018
gRNA607,GGATGC,0.0018
gRNA608,GGATGCCG,0.0018
gRNA609,GGATGCGG,0.0018
gRNA610,GGATGCGGATACCG,0.0018
gRNA611,GGATGCGGATGCAATCCG,0.0018
gRNA612,GGATGCGGTATGCGGATGCG,0.0018
gRNA613,GGATTACGGCCG,0.0018
gRNA614,GGCATGCG,0.0018
gRNA615,GGCATGCGGACGCAATCTCCG,0.0018
gRNA616,GGCATGCGGATACAATCTCCG,0.0018
gRNA617,GGCATGCGGATGCAACCTCCG,0.0018
gRNA618,GGCATGCGGATGCAAG,0.0018
gRNA619,GGCATGCGGATGCAATCCCCG,0.0018
gRNA620,GGCATGCGGATGCAATCCG,0.0018
gRNA621,GGCATGCGGATGCAATCTTCCG,0.0018
gRNA622,GGCATGCGGATGCAATCTTCTCCG,0.0018
gRNA623,GGCATGCGTATGCAATCTCCG,0.0018
gRNA624,GGCATTACCGATCGTA,0.0018
gRNA625,GGCG,0.0018
gRNA626,GGGATCCGGATGCAATCTCCG,0.0018
gRNA627,GGGATG,0.0018
gRNA628,GGGATGC,0.0018
gRNA629,GGGATGCGG,0.0018
gRNA630,GGGATGCGGATGC,0.0018
gRNA631,GGGATGCGGATGCAAGCTCCG,0.0018
gRNA632,GGGATGCGGATGCAATAC,0.0018
gRNA633,GGGATGCGGATGCAATCGCCG,0.0018
gRNA634,GGGATGCGGATGCAGTCTCCG,0.0018
gRNA635,GGGATGCGGATGCATCCG,0.0018
gRNA636,GGGATGCGGATGCTCTAACCCCG,0.0018
gRNA637,GGGATGCGGATTAGATACG,0.0018
gRNA638,GGGATGCGGGTGCAATCTCCG,0.0018
gRNA639,GGGATGCGGTATGC,0.0018
gRNA640,GGGGTTAACCCG,0.0018
gRNA641,GGTAACCGGATGCAATCACCG,0.0018
gRNA642,GGTAAGCCGATGCAATCTCCG,0.0018
gRNA643,GGTAAGCGGAAAAAAACCG,0.0018
gRNA644,GGTAAGCGGAAAAACTCCG,0.0018
gRNA645,GGTAAGCGGAAGAAATCTCCG,0.0018
gRNA646,GGTAAGCGGAAGCAAACTCCG,0.0018
gRNA647,GGTAAGCGGAAGCAATCGGGTACCG,0.0018
gRNA648,GGTAAGCGGAATCAATCACCG,0.0018
gRNA649,GGTAAGCGGATCCAATCTCCG,0.0018
gRNA650,GGTAAGCGGATGAAAACTCCG,0.0018
gRNA651,GGTAAGCGGATGCAAAATCCG,0.0018
gRNA652,GGTAAGCGGATGCAATACCCCG,0.0018
gRNA653,GGTAAGCGGATGCAATATCCG,0.0018
gRNA654,GGTAAGCGGATGCAATCAACG,0.0018
gRNA655,GGTAAGCGGATGCAATCATCCG,0.0018
gRNA656,GGTAAGCGGATGCAATCTACG,0.0018
gRNA657,GGTAAGCGGATGCAATCTCAG,0.0018
gRNA658,GGTAAGCGGATGCAATTCCG,0.0018
gRNA659,GGTAAGCGGATGCATCCG,0.0018
gRNA660,GGTAAGCGGATGCCCTGGCTCACAAATAC,0.0018
gRNA661,GGTAAGCGGATGTAATCTCCG,0.0018
gRNA662,GGTAAGCGGATTCAATCCG,0.0018
gRNA663,GGTAAGCGGATTCAATCTCCC,0.0018
gRNA664,GGTAAGCGGATTCAATCTCCG,0.0018
gRNA665,GGTAAGCGGGTGCAATCTCCG,0.0018
gRNA666,GGTAAGCGTAAGCAATCTCCG,0.0018
gRNA667,GGTAAGCGTATGCAATCAACG,0.0018
gRNA668,GGTAAGCGTATGCAATCACCG,0.0018
gRNA669,GGTAAGCGTATGCACTCTCCG,0.0018
gRNA670,GGTAAGCTGATGCAATCTCAG,0.0018
gRNA671,GGTAAGTGGATGCAATCTCCG,0.0018
gRNA672,GGTAATCGGATGAAATCTCCG,0.0018
gRNA673,GGTAATCGGATGCAATCG,0.0018
gRNA674,GGTAATGCG,0.0018
gRNA675,GGTACG,0.0018
gRNA676,GGTACGCGGAAGCAATCTCCG,0.0018
gRNA677,GGTACGCGGATGCAAACTCCG,0.0018
gRNA678,GGTACGCGGATGCAAGCTCCG,0.0018
gRNA679,GGTACGCGGATGCAATCCG,0.0018
gRNA680,GGTACTCCG,0.0018
gRNA681,GGTAG,0.0018
gRNA682,GGTAGCTCTACCG,0.0018
gRNA683,GGTAGGCGGAAGCAATCTCCG,0.0018
gRNA684,GGTAGGCGGAGGCAATCTCCG,0.0018
gRNA685,GGTAGGCGGATCCG,0.0018
gRNA686,GGTAGGCGGATGAAATCTCCG,0.0018
gRNA687,GGTAGGCGGATGCAATCCTCG,0.0018
gRNA688,GGTAGGCGGATGCAATCGCCG,0.0018
gRNA689,GGTAGGCGGATGCACTCTCCG,0.0018
gRNA690,GGTAGGCGGATGCATCCG,0.0018
gRNA691,GGTAGGCGGATGTAATCTCCG,0.0018
gRNA692,GGTAGTCCG,0.0018
gRNA693,GGTATAAGCATGAAATCTCAG,0.0018
gRNA694,GGTATACGGATGCACTCTCCG,0.0018
gRNA695,GGTATACGGATGCCG,0.0018
gRNA696,GGTATACGGATGCG,0.0018
gRNA697,GGTATACGGATGCGGATACCG,0.0018
gRNA698,GGTATACGGATTCCG,0.0018
gRNA699,GGTATAGCTCTAGAGCGAGAAATAGC,0.0018
gRNA700,GGTATATCCG,0.0018
gRNA701,GGTATATGGATGCAATCTCCG,0.0018
gRNA702,GGTATCCGCATGCAATCTCCC,0.0018
gRNA703,GGTATCCGGATACAATCTCCG,0.0018
gRNA704,GGTATCCGGATGCAATCAAATAACCG,0.0018
gRNA705,GGTATCCGGATGCAATCACCG,0.0018
gRNA706,GGTATCCGGATGCACTCTCCG,0.0018
gRNA707,GGTATCCGGGGTATCCG,0.0018
gRNA708,GGTATGAATGAGTATTT,0.0018
gRNA709,GGTATGAGCATGCAAACTATCCG,0.0018
gRNA710,GGTATGAGGAACCAATATCCG,0.0018
gRNA711,GGTATGAGGAAGCATCCG,0.0018
gRNA712,GGTATGAGGATGAAATCTACG,0.0018
gRNA713,GGTATGAGGATGAAATCTCAG,0.0018
gRNA714,GGTATGAGGATGCAAACTCCG,0.0018
gRNA715,GGTATGAGGATGCAAACTTCCG,0.0018
gRNA716,GGTATGAGGATGCAAT,0.0018
gRNA717,GGTATGAGGATGCAATCTACCG,0.0018
gRNA718,GGTATGAGGATGCAATCTACT,0.0018
gRNA719,GGTATGAGGATGCAATCTCCCG,0.0018
gRNA720,GGTATGAGGATGCAATCTCCT,0.0018
gRNA721,GGTATGAGGATGCACTCTCCG,0.0018
gRNA722,GGTATGAGGATGCATACCG,0.0018
gRNA723,GGTATGAGGATGCG,0.0018
gRNA724,GGTATGAGGTATGCGGTATGCG,0.0018
gRNA725,GGTATGATGATGCAATCTCAG,0.0018
gRNA726,GGTATGCAACACCCG,0.0018
gRNA727,GGTATGCAATCTCCGGATGCAATCTCCG,0.0018
gRNA728,GGTATGCACACCG,0.0018
gRNA729,GGTATGCACCG,0.0018
gRNA730,GGTATGCACCGGTAACATCCG,0.0018
gRNA731,GGTATGCAGATACCG,0.0018
gRNA732,GGTATGCAGATGCAATAC,0.0018
gRNA733,GGTATGCAGATGCAATCACCG,0.0018
gRNA734,GGTATGCAGATGCACTCTCCG,0.0018
gRNA735,GGTATGCAGATGCAGTCTCCG,0.0018
gRNA736,GGTATGCAGTATGCG,0.0018
gRNA737,GGTATGCAGTATGCGGTATGCG,0.0018
gRNA738,GGTATGCATACCG,0.0018
gRNA739,GGTATGCATAGTCAATTGGGGTTGATAATTG,0.0018
gRNA740,GGTATGCATAGTCCG,0.0018
gRNA741,GGTATGCATCC,0.0018
gRNA742,GGTATGCCAGACGCCATTCCTGCACATCACT,0.0018
gRNA743,GGTATGCCCCG,0.0018
gRNA744,GGTATGCCCG,0.0018
gRNA745,GGTATGCCCTATAAAAAGCG,0.0018
gRNA746,GGTATGCCCTG,0.0018
gRNA747,GGTATGCCGATGCAAACTCCG,0.0018
gRNA748,GGTATGCCGATGCAATATCCG,0.0018
gRNA749,GGTATGCCGATTCCG,0.0018
gRNA750,GGTATGCGAAACCCCG,0.0018
gRNA751,GGTATGCGAATGCAATCACCG,0.0018
gRNA752,GGTATGCGAATGCAATCTTCCG,0.0018
gRNA753,GGTATGCGATATGCGGATGCG,0.0018
gRNA754,GGTATGCGATCCG,0.0018
gRNA755,GGTATGCGCATGCAAAAACAG,0.0018
gRNA756,GGTATGCGCATGCAATCCG,0.0018
gRNA757,GGTATGCGCCCG,0.0018
gRNA758,GGTATGCGCG,0.0018
gRNA759,GGTATGCGCTCCG,0.0018
gRNA760,GGTATGCGGAAAAAAACCG,0.0018
gRNA761,GGTATGCGGAAAAACACAG,0.0018
gRNA762,GGTATGCGGAAAAACACTG,0.0018
gRNA763,GGTATGCGGAAAAACTCCG,0.0018
gRNA764,GGTATGCGGAAAATCACCG,0.0018
gRNA765,GGTATGCGGAAACCCG,0.0018
gRNA766,GGTATGCGGAACCAAATCTGCCTCCTGGCT,0.0018
gRNA767,GGTATGCGGAAGAACACCG,0.0018
gRNA768,GGTATGCGGAAGCAAACCGGATCCG,0.0018
gRNA769,GGTATGCGGAAGCAAATCCG,0.0018
gRNA770,GGTATGCGGAAGCAATCACCC,0.0018
gRNA771,GGTATGCGGAAGCAATCGCCG,0.0018
gRNA772,GGTATGCGGAAGCAATCTGCCG,0.0018
gRNA773,GGTATGCGGAAGCAATTTCCG,0.0018
gRNA774,GGTATGCGGAAGCACCG,0.0018
gRNA775,GGTATGCGGAAGCATAATCCG,0.0018
gRNA776,GGTATGCGGAAGCCATCTCCG,0.0018
gRNA777,GGTATGCGGAAGGCAATGTTTT,0.0018
gRNA778,GGTATGCGGAATACCG,0.0018
gRNA779,GGTATGCGGAATCAAACTCCG,0.0018
gRNA780,GGTATGCGGAATCAATATCCG,0.0018
gRNA781,GGTATGCGGAATCCG,0.0018
gRNA782,GGTATGCGGAATGCGGTATG,0.0018
gRNA783,GGTATGCGGACCCCG,0.0018
gRNA784,GGTATGCGGACCCG,0.0018
gRNA785,GGTATGCGGACGCA,0.0018
gRNA786,GGTATGCGGACGCAATACCG,0.0018
gRNA787,GGTATGCGGACGCAATCCG,0.0018
gRNA788,GGTATGCGGACGCCG,0.0018
gRNA789,GGTATGCGGACGTAATCTCCG,0.0018
gRNA790,GGTATGCGGACTTG,0.0018
gRNA791,GGTATGCGGAGACAATCTCCG,0.0018
gRNA792,GGTATGCGGAGCCCG,0.0018
gRNA793,GGTATGCGGAGCCG,0.0018
gRNA794,GGTATGCGGAGCGGTATGCG,0.0018
gRNA795,GGTATGCGGAGG,0.0018
gRNA796,GGTATGCGGAGGCAAGCTCCG,0.0018
gRNA797,GGTATGCGGAGGCAATCACCG,0.0018
gRNA798,GGTATGCGGAGGCAATCGCCG,0.0018
gRNA799,GGTATGCGGAGGCAATTCCG,0.0018
gRNA800,GGTATGCGGAGGCG,0.0018
gRNA801,GGTATGCGGAGGCTAGATTAGATG,0.0018
gRNA802,GGTATGCGGAGGCTATCTCCG,0.0018
gRNA803,GGTATGCGGAGGGATTCCG,0.0018
gRNA804,GGTATGCGGAGTATTT,0.0018
gRNA805,GGTATGCGGAGTTAGAGTATCCGGTATCCG,0.0018
gRNA806,GGTATGCGGATAAAATCACCG,0.0018
gRNA807,GGTATGCGGATAACCCG,0.0018
gRNA808,GGTATGCGGATAACTCTAACCG,0.0018
gRNA809,GGTATGCGGATAAGAAGCTAGTATGCG,0.0018
gRNA810,GGTATGCGGATACAAGG,0.0018
gRNA811,GGTATGCGGATACAAT,0.0018
gRNA812,GGTATGCGGATACATACCG,0.0018
gRNA813,GGTATGCGGATACCCG,0.0018
gRNA814,GGTATGCGGATACCGGGGATACCG,0.0018
gRNA815,GGTATGCGGATAG,0.0018
gRNA816,GGTATGCGGATATGCG,0.0018
gRNA817,GGTATGCGGATATGCGGTATACG,0.0018
gRNA818,GGTATGCGGATCA,0.0018
gRNA819,GGTATGCGGATCAAATCTCCG,0.0018
gRNA820,GGTATGCGGATCAATCTCCG,0.0018
gRNA821,GGTATGCGGATCCAAACTCCG,0.0018
gRNA822,GGTATGCGGATCCAATCCGGTTACGAACCCG,0.0018
gRNA823,GGTATGCGGATCCAATCTTCCG,0.0018
gRNA824,GGTATGCGGATCCAGCTTGGTGCTAACCCCG,0.0018
gRNA825,GGTATGCGGATCCCC,0.0018
gRNA826,GGTATGCGGATCCCG,0.0018
gRNA827,GGTATGCGGATCCTCG,0.0018
gRNA828,GGTATGCGGATCTCCG,0.0018
gRNA829,GGTATGCGGATGAAAACCG,0.0018
gRNA830,GGTATGCGGATGAAATAGCCG,0.0018
gRNA831,GGTATGCGGATGAAATCTACCG,0.0018
gRNA832,GGTATGCGGATGAAATCTCCC,0.0018
gRNA833,GGTATGCGGATGAACG,0.0018
gRNA834,GGTATGCGGATGAACTATCCG,0.0018
gRNA835,GGTATGCGGATGAACTCAATTCT,0.0018
gRNA836,GGTATGCGGATGAACTCTCCG,0.0018
gRNA837,GGTATGCGGATGAAGGACGG,0.0018
gRNA838,GGTATGCGGATGAATCATGTAACG,0.0018
gRNA839,GGTATGCGGATGAATCCT,0.0018
gRNA840,GGTATGCGGATGAATCTAACCCCG,0.0018
gRNA841,GGTATGCGGATGACGC,0.0018
gRNA842,GGTATGCGGATGAGCCG,0.0018
gRNA843,GGTATGCGGATGAGTATTT,0.0018
gRNA844,GGTATGCGGATGATCCT,0.0018
gRNA845,GGTATGCGGATGATCG,0.0018
gRNA846,GGTATGCGGATGATGCAATCCG,0.0018
gRNA847,GGTATGCGGATGCAAAAAAAATCG,0.0018
gRNA848,GGTATGCGGATGCAAAAAACA,0.0018
gRNA849,GGTATGCGGATGCAAAAAACCCCGG,0.0018
gRNA850,GGTATGCGGATGCAAAAAAGTCCG,0.0018
gRNA851,GGTATGCGGATGCAAAATACG,0.0018
gRNA852,GGTATGCGGATGCAAAATTCCG,0.0018
gRNA853,GGTATGCGGATGCAAACAG,0.0018
gRNA854,GGTATGCGGATGCAAACATCCG,0.0018
gRNA855,GGTATGCGGATGCAAACG,0.0018
gRNA856,GGTATGCGGATGCAAACTAACCG,0.0018
gRNA857,GGTATGCGGATGCAAACTAATCCG,0.0018
gRNA858,GGTATGCGGATGCAAACTACCG,0.0018
gRNA859,GGTATGCGGATGCAAACTCCC,0.0018
gRNA860,GGTATGCGGATGCAAAG,0.0018
gRNA861,GGTATGCGGATGCAAATC,0.0018
gRNA862,GGTATGCGGATGCAAATGGGCGGGG,0.0018
gRNA863,GGTATGCGGATGCAACACCG,0.0018
gRNA864,GGTATGCGGATGCAACCCCG,0.0018
gRNA865,GGTATGCGGATGCAACCCCGCTCCG,0.0018
gRNA866,GGTATGCGGATGCAACCGGTATCCG,0.0018
gRNA867,GGTATGCGGATGCAACCGGTATGCG,0.0018
gRNA868,GGTATGCGGATGCAACCTTCTCCG,0.0018
gRNA869,GGTATGCGGATGCAAGACCG,0.0018
gRNA870,GGTATGCGGATGCAAGCTTCCG,0.0018
gRNA871,GGTATGCGGATGCAAGGCCG,0.0018
gRNA872,GGTATGCGGATGCAAGGTGGTCTTGACCG,0.0018
gRNA873,GGTATGCGGATGCAAGTCCG,0.0018
gRNA874,GGTATGCGGATGCAAGTCT,0.0018
gRNA875,GGTATGCGGATGCAATAAAAAAAATAACCG,0.0018
gRNA876,GGTATGCGGATGCAATAAAATCCG,0.0018
gRNA877,GGTATGCGGATGCAATAAAGTCCG,0.0018
gRNA878,GGTATGCGGATGCAATAAATTCTAGCG,0.0018
gRNA879,GGTATGCGGATGCAATAACCCCCG,0.0018
gRNA880,GGTATGCGGATGCAATAACCCCG,0.0018
gRNA881,GGTATGCGGATGCAATAACCCCGCCCG,0.0018
gRNA882,GGTATGCGGATGCAATAACCGCCG,0.0018
gRNA883,GGTATGCGGATGCAATAACTAACCG,0.0018
gRNA884,GGTATGCGGATGCAATAAGCCG,0.0018
gRNA885,GGTATGCGGATGCAATAAGCG,0.0018
gRNA886,GGTATGCGGATGCAATAATAATAATGCG,0.0018
gRNA887,GGTATGCGGATGCAATAATAATAATGTAG,0.0018
gRNA888,GGTATGCGGATGCAATAATAATCCG,0.0018
gRNA889,GGTATGCGGATGCAATAATAGAATA,0.0018
gRNA890,GGTATGCGGATGCAATAATCCCCG,0.0018
gRNA891,GGTATGCGGATGCAATAATCCGCAATCCG,0.0018
gRNA892,GGTATGCGGATGCAATAATCTAACCG,0.0018
gRNA893,GGTATGCGGATGCAATAATGCG,0.0018
gRNA894,GGTATGCGGATGCAATACATCCG,0.0018
gRNA895,GGTATGCGGATGCAATACCAAATATACCG,0.0018
gRNA896,GGTATGCGGATGCAATACCAATACCG,0.0018
gRNA897,GGTATGCGGATGCAATACCCGCATAGCCCG,0.0018
gRNA898,GGTATGCGGATGCAATACCGCATCACG,0.0018
gRNA899,GGTATGCGGATGCAATACCGCATGCG,0.0018
gRNA900,GGTATGCGGATGCAATACCGCG,0.0018
gRNA901,GGTATGCGGATGCAATACCGGGATGCACCG,0.0018
gRNA902,GGTATGCGGATGCAATACCGGGTTAATCCG,0.0018
gRNA903,GGTATGCGGATGCAATACCGGTGCAATAC,0.0018
gRNA904,GGTATGCGGATGCAATACCGGTGCAATACCG,0.0018
gRNA905,GGTATGCGGATGCAATACCGGTTAACACG,0.0018
gRNA906,GGTATGCGGATGCAATACCGGTTAC,0.0018
gRNA907,GGTATGCGGATGCAATACCTATCCG,0.0018
gRNA908,GGTATGCGGATGCAATACCTCTAACCCCG,0.0018
gRNA909,GGTATGCGGATGCAATACGG,0.0018
gRNA910,GGTATGCGGATGCAATACGGATGCAATACG,0.0018
gRNA911,GGTATGCGGATGCAATACGGATGCATACG,0.0018
gRNA912,GGTATGCGGATGCAATACGGGTTAATACG,0.0018
gRNA913,GGTATGCGGATGCAATACGGTAATAATGCG,0.0018
gRNA914,GGTATGCGGATGCAATACTAGCTCTAACCG,0.0018
gRNA915,GGTATGCGGATGCAATAGA,0.0018
gRNA916,GGTATGCGGATGCAATATAACACCG,0.0018
gRNA917,GGTATGCGGATGCAATATAATCCG,0.0018
gRNA918,GGTATGCGGATGCAATATACAGACCG,0.0018
gRNA919,GGTATGCGGATGCAATATATCCG,0.0018
gRNA920,GGTATGCGGATGCAATATATGCAATACCG,0.0018
gRNA921,GGTATGCGGATGCAATATCAG,0.0018
gRNA922,GGTATGCGGATGCAATATCCGGTATTCG,0.0018
gRNA923,GGTATGCGGATGCAATATCG,0.0018
gRNA924,GGTATGCGGATGCAATATCGG,0.0018
gRNA925,GGTATGCGGATGCAATATCTG,0.0018
gRNA926,GGTATGCGGATGCAATATGCACCG,0.0018
gRNA927,GGTATGCGGATGCAATATGCGGATGCG,0.0018
gRNA928,GGTATGCGGATGCAATATGCGGTATGCG,0.0018
gRNA929,GGTATGCGGATGCAATATGTAATCCG,0.0018
gRNA930,GGTATGCGGATGCAATATTGCG,0.0018
gRNA931,GGTATGCGGATGCAATATTTGCG,0.0018
gRNA932,GGTATGCGGATGCAATCAAACCCCG,0.0018
gRNA933,GGTATGCGGATGCAATCAACCG,0.0018
gRNA934,GGTATGCGGATGCAATCAACG,0.0018
gRNA935,GGTATGCGGATGCAATCAAGGTGCACATGG,0.0018
gRNA936,GGTATGCGGATGCAATCAAGTTGGACATCCG,0.0018
gRNA937,GGTATGCGGATGCAATCACCC,0.0018
gRNA938,GGTATGCGGATGCAATCACG,0.0018
gRNA939,GGTATGCGGATGCAATCACGG,0.0018
gRNA940,GGTATGCGGATGCAATCAGGGTA,0.0018
gRNA941,GGTATGCGGATGCAATCATACCG,0.0018
gRNA942,GGTATGCGGATGCAATCATATGCCCG,0.0018
gRNA943,GGTATGCGGATGCAATCATATGCTAGAAAT,0.0018
gRNA944,GGTATGCGGATGCAATCATCATGGCCG,0.0018
gRNA945,GGTATGCGGATGCAATCCAATCCG,0.0018
gRNA946,GGTATGCGGATGCAATCCACATAATCCG,0.0018
gRNA947,GGTATGCGGATGCAATCCACATCCG,0.0018
gRNA948,GGTATGCGGATGCAATCCACATCTAATCCG,0.0018
gRNA949,GGTATGCGGATGCAATCCC,0.0018
gRNA950,GGTATGCGGATGCAATCCCCGCATTAATCCG,0.0018
gRNA951,GGTATGCGGATGCAATCCCGTGCAATCCCG,0.0018
gRNA952,GGTATGCGGATGCAATCCCTTGAGGCTCCG,0.0018
gRNA953,GGTATGCGGATGCAATCCGCAACTCG,0.0018
gRNA954,GGTATGCGGATGCAATCCGCAATCCG,0.0018
gRNA955,GGTATGCGGATGCAATCCGCATATACCG,0.0018
gRNA956,GGTATGCGGATGCAATCCGCCAC,0.0018
gRNA957,GGTATGCGGATGCAATCCGCCG,0.0018
gRNA958,GGTATGCGGATGCAATCCGGATGCAATCCG,0.0018
gRNA959,GGTATGCGGATGCAATCCGGCATTAATCCG,0.0018
gRNA960,GGTATGCGGATGCAATCCGGGGTGCAATCCG,0.0018
gRNA961,GGTATGCGGATGCAATCCGGGTTAATCCG,0.0018
gRNA962,GGTATGCGGATGCAATCCGGTATGCG,0.0018
gRNA963,GGTATGCGGATGCAATCCGGTGCAATCCG,0.0018
gRNA964,GGTATGCGGATGCAATCCGGTTAATCCG,0.0018
gRNA965,GGTATGCGGATGCAATCCGGTTACCG,0.0018
gRNA966,GGTATGCGGATGCAATCCGTACCCCG,0.0018
gRNA967,GGTATGCGGATGCAATCCTCAATACCG,0.0018
gRNA968,GGTATGCGGATGCAATCCTCG,0.0018
gRNA969,GGTATGCGGATGCAATCCTCTCCG,0.0018
gRNA970,GGTATGCGGATGCAATCCTTG,0.0018
gRNA971,GGTATGCGGATGCAATCGCAATCCG,0.0018
gRNA972,GGTATGCGGATGCAATCGCATAACCG,0.0018
gRNA973,GGTATGCGGATGCAATCGCATAATCG,0.0018
gRNA974,GGTATGCGGATGCAATCGGATGCAACCG,0.0018
gRNA975,GGTATGCGGATGCAATCGGATGTAAGCG,0.0018
gRNA976,GGTATGCGGATGCAATCGGCG,0.0018
gRNA977,GGTATGCGGATGCAATCGGGATGCAATCG,0.0018
gRNA978,GGTATGCGGATGCAATCGGGGCCG,0.0018
gRNA979,GGTATGCGGATGCAATCGGGGTACATCCG,0.0018
gRNA980,GGTATGCGGATGCAATCGGGTGTAACCG,0.0018
gRNA981,GGTATGCGGATGCAATCGGTGCAATGCG,0.0018
gRNA982,GGTATGCGGATGCAATCTAAA,0.0018
gRNA983,GGTATGCGGATGCAATCTAAAATCCG,0.0018
gRNA984,GGTATGCGGATGCAATCTAAACCG,0.0018
gRNA985,GGTATGCGGATGCAATCTAACCCG,0.0018
gRNA986,GGTATGCGGATGCAATCTAACCGCCG,0.0018
gRNA987,GGTATGCGGATGCAATCTAAG,0.0018
gRNA988,GGTATGCGGATGCAATCTAATCTAACCG,0.0018
gRNA989,GGTATGCGGATGCAATCTAATCTAATCCG,0.0018
gRNA990,GGTATGCGGATGCAATCTAATCTCTAATCCG,0.0018
gRNA991,GGTATGCGGATGCAATCTAATTCCG,0.0018
gRNA992,GGTATGCGGATGCAATCTACAAG,0.0018
gRNA993,GGTATGCGGATGCAATCTACATACCG,0.0018
gRNA994,GGTATGCGGATGCAATCTACCCCCT,0.0018
gRNA995,GGTATGCGGATGCAATCTACGG,0.0018
gRNA996,GGTATGCGGATGCAATCTACTCCG,0.0018
gRNA997,GGTATGCGGATGCAATCTAGA,0.0018
gRNA998,GGTATGCGGATGCAATCTAGAAATTAG,0.0018
gRNA999,GGTATGCGGATGCAATCTAGCCG,0.0018
gRNA1000,GGTATGCGGATGCAATCTAGCTCAACCG,0.0018
gRNA1001,GGTATGCGGATGCAATCTATAGCCG,0.0018
gRNA1002,GGTATGCGGATGCAATCTATCTCCG,0.0018
gRNA1003,GGTATGCGGATGCAATCTCAAAATCTCCG,0.0018
gRNA1004,GGTATGCGGATGCAATCTCAC,0.0018
gRNA1005,GGTATGCGGATGCAATCTCACCCCG,0.0018
gRNA1006,GGTATGCGGATGCAATCTCCGCATATCTCG,0.0018
gRNA1007,GGTATGCGGATGCAATCTCCGGTCCG,0.0018
gRNA1008,GGTATGCGGATGCAATCTCT,0.0018
gRNA1009,GGTATGCGGATGCAATCTCTTCCG,0.0018
gRNA1010,GGTATGCGGATGCAATCTGATCCG,0.0018
gRNA1011,GGTATGCGGATGCAATCTGCTCCG,0.0018
gRNA1012,GGTATGCGGATGCAATCTGGCCG,0.0018
gRNA1013,GGTATGCGGATGCAATCTGGCG,0.0018
gRNA1014,GGTATGCGGATGCAATCTGTAGAAC,0.0018
gRNA1015,GGTATGCGGATGCAATCTGTG,0.0018
gRNA1016,GGTATGCGGATGCAATCTGTTAGATTCTTG,0.0018
gRNA1017,GGTATGCGGATGCAATCTTAATCTTAATCCG,0.0018
gRNA1018,GGTATGCGGATGCAATCTTACCG,0.0018
gRNA1019,GGTATGCGGATGCAATCTTATCCG,0.0018
gRNA1020,GGTATGCGGATGCAATCTTC,0.0018
gRNA1021,GGTATGCGGATGCAATCTTCC,0.0018
gRNA1022,GGTATGCGGATGCAATCTTCCGGG,0.0018
gRNA1023,GGTATGCGGATGCAATCTTCTACG,0.0018
gRNA1024,GGTATGCGGATGCAATCTTCTCCA,0.0018
gRNA1025,GGTATGCGGATGCAATCTTCTCTG,0.0018
gRNA1026,GGTATGCGGATGCAATCTTG,0.0018
gRNA1027,GGTATGCGGATGCAATCTTGGCC,0.0018
gRNA1028,GGTATGCGGATGCAATCTTGGTGCCG,0.0018
gRNA1029,GGTATGCGGATGCAATCTTTGCGGTATGCG,0.0018
gRNA1030,GGTATGCGGATGCAATG,0.0018
gRNA1031,GGTATGCGGATGCAATGAAGCCG,0.0018
gRNA1032,GGTATGCGGATGCAATGAATGAGTATTT,0.0018
gRNA1033,GGTATGCGGATGCAATGAGGATGCG,0.0018
gRNA1034,GGTATGCGGATGCAATGCAAACCC,0.0018
gRNA1035,GGTATGCGGATGCAATGCGGATGCG,0.0018
gRNA1036,GGTATGCGGATGCAATGCGGATGCGGATGCG,0.0018
gRNA1037,GGTATGCGGATGCAATGCGGTGTTTCG,0.0018
gRNA1038,GGTATGCGGATGCAATGG,0.0018
gRNA1039,GGTATGCGGATGCAATGGCC,0.0018
gRNA1040,GGTATGCGGATGCAATGGGTTA,0.0018
gRNA1041,GGTATGCGGATGCAATGTACG,0.0018
gRNA1042,GGTATGCGGATGCAATGTTCCG,0.0018
gRNA1043,GGTATGCGGATGCAATGTTCTCCG,0.0018
gRNA1044,GGTATGCGGATGCAATGTTTCGTCTAACCG,0.0018
gRNA1045,GGTATGCGGATGCAATT,0.0018
gRNA1046,GGTATGCGGATGCAATTACC,0.0018
gRNA1047,GGTATGCGGATGCAATTACCG,0.0018
gRNA1048,GGTATGCGGATGCAATTACG,0.0018
gRNA1049,GGTATGCGGATGCAATTATCCG,0.0018
gRNA1050,GGTATGCGGATGCAATTCCC,0.0018
gRNA1051,GGTATGCGGATGCAATTCCCCG,0.0018
gRNA1052,GGTATGCGGATGCAATTG,0.0018
gRNA1053,GGTATGCGGATGCAATTGCCG,0.0018
gRNA1054,GGTATGCGGATGCAATTTCC,0.0018
gRNA1055,GGTATGCGGATGCAATTTGCG,0.0018
gRNA1056,GGTATGCGGATGCAATTTTTCCG,0.0018
gRNA1057,GGTATGCGGATGCACACCGGTATGCG,0.0018
gRNA1058,GGTATGCGGATGCACACTCCG,0.0018
gRNA1059,GGTATGCGGATGCACCCCG,0.0018
gRNA1060,GGTATGCGGATGCACCGGTATGCG,0.0018
gRNA1061,GGTATGCGGATGCACTCACCG,0.0018
gRNA1062,GGTATGCGGATGCACTCG,0.0018
gRNA1063,GGTATGCGGATGCACTCTACG,0.0018
gRNA1064,GGTATGCGGATGCACTCTCCGG,0.0018
gRNA1065,GGTATGCGGATGCACTCTTCTCCG,0.0018
gRNA1066,GGTATGCGGATGCACTCTTTCCG,0.0018
gRNA1067,GGTATGCGGATGCACTGAGAGT,0.0018
gRNA1068,GGTATGCGGATGCAGACAGACTCTGCTACCG,0.0018
gRNA1069,GGTATGCGGATGCAGG,0.0018
gRNA1070,GGTATGCGGATGCAGGTTAGATGCG,0.0018
gRNA1071,GGTATGCGGATGCAGTCCG,0.0018
gRNA1072,GGTATGCGGATGCAGTCTTCTCCG,0.0018
gRNA1073,GGTATGCGGATGCAGTCTTTCCG,0.0018
gRNA1074,GGTATGCGGATGCAGTTCCG,0.0018
gRNA1075,GGTATGCGGATGCATAAACCG,0.0018
gRNA1076,GGTATGCGGATGCATAAACG,0.0018
gRNA1077,GGTATGCGGATGCATAAATCCG,0.0018
gRNA1078,GGTATGCGGATGCATAACATCCG,0.0018
gRNA1079,GGTATGCGGATGCATAACCCG,0.0018
gRNA1080,GGTATGCGGATGCATAACG,0.0018
gRNA1081,GGTATGCGGATGCATAACTCCG,0.0018
gRNA1082,GGTATGCGGATGCATAAGACCG,0.0018
gRNA1083,GGTATGCGGATGCATAATACG,0.0018
gRNA1084,GGTATGCGGATGCATAATAGTCCG,0.0018
gRNA1085,GGTATGCGGATGCATAATCCTCCG,0.0018
gRNA1086,GGTATGCGGATGCATAATCG,0.0018
gRNA1087,GGTATGCGGATGCATAATGCG,0.0018
gRNA1088,GGTATGCGGATGCATAATTCCG,0.0018
gRNA1089,GGTATGCGGATGCATACATAACACCG,0.0018
gRNA1090,GGTATGCGGATGCATACCACCG,0.0018
gRNA1091,GGTATGCGGATGCATACCCC,0.0018
gRNA1092,GGTATGCGGATGCATACCCCCCG,0.0018
gRNA1093,GGTATGCGGATGCATACCCCGGTATGCG,0.0018
gRNA1094,GGTATGCGGATGCATACCGCACCG,0.0018
gRNA1095,GGTATGCGGATGCATACCGGATGCATACCG,0.0018
gRNA1096,GGTATGCGGATGCATACCGGGTTAT,0.0018
gRNA1097,GGTATGCGGATGCATACCGGTATCCG,0.0018
gRNA1098,GGTATGCGGATGCATACCGGTTTC,0.0018
gRNA1099,GGTATGCGGATGCATACCGTTAG,0.0018
gRNA1100,GGTATGCGGATGCATACCTCCG,0.0018
gRNA1101,GGTATGCGGATGCATACCTTGACTTG,0.0018
gRNA1102,GGTATGCGGATGCATACGATACAAGG,0.0018
gRNA1103,GGTATGCGGATGCATACGCATCCG,0.0018
gRNA1104,GGTATGCGGATGCATACGGTTATACG,0.0018
gRNA1105,GGTATGCGGATGCATACTAACCC,0.0018
gRNA1106,GGTATGCGGATGCATACTAACCG,0.0018
gRNA1107,GGTATGCGGATGCATACTCTAACTCACCG,0.0018
gRNA1108,GGTATGCGGATGCATAGCTCCG,0.0018
gRNA1109,GGTATGCGGATGCATAGCTG,0.0018
gRNA1110,GGTATGCGGATGCATATACG,0.0018
gRNA1111,GGTATGCGGATGCATATATGCATA,0.0018
gRNA1112,GGTATGCGGATGCATATCAG,0.0018
gRNA1113,GGTATGCGGATGCATATGA,0.0018
gRNA1114,GGTATGCGGATGCATATGCG,0.0018
gRNA1115,GGTATGCGGATGCATATGCGGATGCG,0.0018
gRNA1116,GGTATGCGGATGCATATGCGGTATGCG,0.0018
gRNA1117,GGTATGCGGATGCATATGGGTGTG,0.0018
gRNA1118,GGTATGCGGATGCATATTCCCG,0.0018
gRNA1119,GGTATGCGGATGCATATTCTAG,0.0018
gRNA1120,GGTATGCGGATGCATATTTCTAGCG,0.0018
gRNA1121,GGTATGCGGATGCATATTTGTATGCG,0.0018
gRNA1122,GGTATGCGGATGCATCAG,0.0018
gRNA1123,GGTATGCGGATGCATCATCACC,0.0018
gRNA1124,GGTATGCGGATGCATCCTAACCCCG,0.0018
gRNA1125,GGTATGCGGATGCATCG,0.0018
gRNA1126,GGTATGCGGATGCATCGCATGCCG,0.0018
gRNA1127,GGTATGCGGATGCATGAGTATTT,0.0018
gRNA1128,GGTATGCGGATGCATGCCG,0.0018
gRNA1129,GGTATGCGGATGCATGCGGTATGCG,0.0018
gRNA1130,GGTATGCGGATGCATGGGTGTTTAAACCCCG,0.0018
gRNA1131,GGTATGCGGATGCATTAC,0.0018
gRNA1132,GGTATGCGGATGCATTCCG,0.0018
gRNA1133,GGTATGCGGATGCATTCCTGCCG,0.0018
gRNA1134,GGTATGCGGATGCATTTTCG,0.0018
gRNA1135,GGTATGCGGATGCCAACCCCG,0.0018
gRNA1136,GGTATGCGGATGCCAAGAAATCGAACCCG,0.0018
gRNA1137,GGTATGCGGATGCCAATCCG,0.0018
gRNA1138,GGTATGCGGATGCCATCGCCG,0.0018
gRNA1139,GGTATGCGGATGCCATCTCTCCG,0.0018
gRNA1140,GGTATGCGGATGCCATCTTCCG,0.0018
gRNA1141,GGTATGCGGATGCCGCATAACCG,0.0018
gRNA1142,GGTATGCGGATGCCGCCG,0.0018
gRNA1143,GGTATGCGGATGCCGG,0.0018
gRNA1144,GGTATGCGGATGCCGGGATACCG,0.0018
gRNA1145,GGTATGCGGATGCCGGGGACACCG,0.0018
gRNA1146,GGTATGCGGATGCCGGGGATACCG,0.0018
gRNA1147,GGTATGCGGATGCCTAATAATCCG,0.0018
gRNA1148,GGTATGCGGATGCCTAATACCG,0.0018
gRNA1149,GGTATGCGGATGCCTCCACCG,0.0018
gRNA1150,GGTATGCGGATGCCTTGACTTG,0.0018
gRNA1151,GGTATGCGGATGCGA,0.0018
gRNA1152,GGTATGCGGATGCGAG,0.0018
gRNA1153,GGTATGCGGATGCGATCCCG,0.0018
gRNA1154,GGTATGCGGATGCGATCTTCCG,0.0018
gRNA1155,GGTATGCGGATGCGCATACCCCG,0.0018
gRNA1156,GGTATGCGGATGCGCCCG,0.0018
gRNA1157,GGTATGCGGATGCGCTCTCCG,0.0018
gRNA1158,GGTATGCGGATGCGGAGATCCG,0.0018
gRNA1159,GGTATGCGGATGCGGAGTATTT,0.0018
gRNA1160,GGTATGCGGATGCGGATACG,0.0018
gRNA1161,GGTATGCGGATGCGGATGC,0.0018
gRNA1162,GGTATGCGGATGCGGATGCAATCCG,0.0018
gRNA1163,GGTATGCGGATGCGGATGCATAACCG,0.0018
gRNA1164,GGTATGCGGATGCGGATGCCG,0.0018
gRNA1165,GGTATGCGGATGCGGATTGCATACCG,0.0018
gRNA1166,GGTATGCGGATGCGGATTGCG,0.0018
gRNA1167,GGTATGCGGATGCGGATTTCATAACCG,0.0018
gRNA1168,GGTATGCGGATGCGGGATCCG,0.0018
gRNA1169,GGTATGCGGATGCGGGTATGC,0.0018
gRNA1170,GGTATGCGGATGCGGGTATGCG,0.0018
gRNA1171,GGTATGCGGATGCGGGTATGCGGATCCG,0.0018
gRNA1172,GGTATGCGGATGCGGTATGC,0.0018
gRNA1173,GGTATGCGGATGCGGTATGCGGATG,0.0018
gRNA1174,GGTATGCGGATGCGGTATGCGGATGCG,0.0018
gRNA1175,GGTATGCGGATGCGGTATTCG,0.0018
gRNA1176,GGTATGCGGATGCGGTCCG,0.0018
gRNA1177,GGTATGCGGATGCGGTCTGG,0.0018
gRNA1178,GGTATGCGGATGCGGTGCGGATGCG,0.0018
gRNA1179,GGTATGCGGATGCGGTGCTCTCCG,0.0018
gRNA1180,GGTATGCGGATGCGGTGTTTCTAACCG,0.0018
gRNA1181,GGTATGCGGATGCGTACCGTCATCAG,0.0018
gRNA1182,GGTATGCGGATGCGTATACCG,0.0018
gRNA1183,GGTATGCGGATGCGTCCTTTCGCCG,0.0018
gRNA1184,GGTATGCGGATGCGTGCCG,0.0018
gRNA1185,GGTATGCGGATGCTAAATTAGATG,0.0018
gRNA1186,GGTATGCGGATGCTAACAACCG,0.0018
gRNA1187,GGTATGCGGATGCTAATAATCG,0.0018
gRNA1188,GGTATGCGGATGCTAATCCG,0.0018
gRNA1189,GGTATGCGGATGCTACCGGTT,0.0018
gRNA1190,GGTATGCGGATGCTAGAATGTTAGATGTTAG,0.0018
gRNA1191,GGTATGCGGATGCTAGAG,0.0018
gRNA1192,GGTATGCGGATGCTAGATGCG,0.0018
gRNA1193,GGTATGCGGATGCTAGATTACATG,0.0018
gRNA1194,GGTATGCGGATGCTAGATTAGACG,0.0018
gRNA1195,GGTATGCGGATGCTAGATTAGAGG,0.0018
gRNA1196,GGTATGCGGATGCTAGATTAGATT,0.0018
gRNA1197,GGTATGCGGATGCTAGCTCTAACCGGTATG,0.0018
gRNA1198,GGTATGCGGATGCTAT,0.0018
gRNA1199,GGTATGCGGATGCTATACCGGTTATATG,0.0018
gRNA1200,GGTATGCGGATGCTATCCG,0.0018
gRNA1201,GGTATGCGGATGCTATCCGGGATGGTATCCG,0.0018
gRNA1202,GGTATGCGGATGCTATGCTCTAATCCG,0.0018
gRNA1203,GGTATGCGGATGCTCG,0.0018
gRNA1204,GGTATGCGGATGCTCTAA,0.0018
gRNA1205,GGTATGCGGATGCTCTCACCG,0.0018
gRNA1206,GGTATGCGGATGCTCTCTCCG,0.0018
gRNA1207,GGTATGCGGATGCTGCCG,0.0018
gRNA1208,GGTATGCGGATGCTTAC,0.0018
gRNA1209,GGTATGCGGATGCTTG,0.0018
gRNA1210,GGTATGCGGATGCTTTACTAGCCG,0.0018
gRNA1211,GGTATGCGGATGGACACCCG,0.0018
gRNA1212,GGTATGCGGATGGACTCCG,0.0018
gRNA1213,GGTATGCGGATGGATCAG,0.0018
gRNA1214,GGTATGCGGATGGCAG,0.0018
gRNA1215,GGTATGCGGATGGTACCG,0.0018
gRNA1216,GGTATGCGGATGGTATGCGGATACCG,0.0018
gRNA1217,GGTATGCGGATGGTGCG,0.0018
gRNA1218,GGTATGCGGATGGTGGCCG,0.0018
gRNA1219,GGTATGCGGATGT,0.0018
gRNA1220,GGTATGCGGATGTAAGCCG,0.0018
gRNA1221,GGTATGCGGATGTAATCCCG,0.0018
gRNA1222,GGTATGCGGATGTAATCGCG,0.0018
gRNA1223,GGTATGCGGATGTAG,0.0018
gRNA1224,GGTATGCGGATGTAGA,0.0018
gRNA1225,GGTATGCGGATGTATAATTTGTTTCTAACCG,0.0018
gRNA1226,GGTATGCGGATGTATACCG,0.0018
gRNA1227,GGTATGCGGATGTATG,0.0018
gRNA1228,GGTATGCGGATGTCCACG,0.0018
gRNA1229,GGTATGCGGATGTCCCG,0.0018
gRNA1230,GGTATGCGGATGTCGG,0.0018
gRNA1231,GGTATGCGGATGTGCCG,0.0018
gRNA1232,GGTATGCGGATGTGGATACCG,0.0018
gRNA1233,GGTATGCGGATGTGGATGTCCG,0.0018
gRNA1234,GGTATGCGGATGTT,0.0018
gRNA1235,GGTATGCGGATGTTACCG,0.0018
gRNA1236,GGTATGCGGATGTTAG,0.0018
gRNA1237,GGTATGCGGATGTTAGATAGCTCTAATGCG,0.0018
gRNA1238,GGTATGCGGATGTTAGATATGCGGTATCCG,0.0018
gRNA1239,GGTATGCGGATGTTAGATCCG,0.0018
gRNA1240,GGTATGCGGATGTTAGCCG,0.0018
gRNA1241,GGTATGCGGATGTTATATAATGCG,0.0018
gRNA1242,GGTATGCGGATGTTATGCGGTATGCG,0.0018
gRNA1243,GGTATGCGGATGTTATTCCG,0.0018
gRNA1244,GGTATGCGGATGTTCCG,0.0018
gRNA1245,GGTATGCGGATGTTTACCG,0.0018
gRNA1246,GGTATGCGGATGTTTACTAATCCG,0.0018
gRNA1247,GGTATGCGGATGTTTATGCG,0.0018
gRNA1248,GGTATGCGGATGTTTCG,0.0018
gRNA1249,GGTATGCGGATGTTTCGGATGTAACCG,0.0018
gRNA1250,GGTATGCGGATGTTTGCG,0.0018
gRNA1251,GGTATGCGGATTAAATCTCAG,0.0018
gRNA1252,GGTATGCGGATTAGATACG,0.0018
gRNA1253,GGTATGCGGATTAGCTCTAGCTCTCCG,0.0018
gRNA1254,GGTATGCGGATTATACCG,0.0018
gRNA1255,GGTATGCGGATTATCCG,0.0018
gRNA1256,GGTATGCGGATTATGACCG,0.0018
gRNA1257,GGTATGCGGATTCAAAATTCCG,0.0018
gRNA1258,GGTATGCGGATTCAAACCG,0.0018
gRNA1259,GGTATGCGGATTCAAACTCCG,0.0018
gRNA1260,GGTATGCGGATTCAATACCGCATACG,0.0018
gRNA1261,GGTATGCGGATTCAATATACG,0.0018
gRNA1262,GGTATGCGGATTCAATATTCCG,0.0018
gRNA1263,GGTATGCGGATTCAATCTCAG,0.0018
gRNA1264,GGTATGCGGATTCGGATGCG,0.0018
gRNA1265,GGTATGCGGATTG,0.0018
gRNA1266,GGTATGCGGATTGCAAATATGCG,0.0018
gRNA1267,GGTATGCGGATTGCAATCCG,0.0018
gRNA1268,GGTATGCGGATTGCACCCG,0.0018
gRNA1269,GGTATGCGGATTGCATCCCCG,0.0018
gRNA1270,GGTATGCGGATTGG,0.0018
gRNA1271,GGTATGCGGATTTTCCG,0.0018
gRNA1272,GGTATGCGGCAATC,0.0018
gRNA1273,GGTATGCGGCACCG,0.0018
gRNA1274,GGTATGCGGCATACT,0.0018
gRNA1275,GGTATGCGGCCCG,0.0018
gRNA1276,GGTATGCGGCTGCAAGCTCCG,0.0018
gRNA1277,GGTATGCGGCTGCAATATCCG,0.0018
gRNA1278,GGTATGCGGCTGCAATCCCTCCG,0.0018
gRNA1279,GGTATGCGGCTGCAATCGCCG,0.0018
gRNA1280,GGTATGCGGCTGCACTCCG,0.0018
gRNA1281,GGTATGCGGCTGCGGACCG,0.0018
gRNA1282,GGTATGCGGGATGC,0.0018
gRNA1283,GGTATGCGGGATGCATCCCG,0.0018
gRNA1284,GGTATGCGGGATGCG,0.0018
gRNA1285,GGTATGCGGGATGG,0.0018
gRNA1286,GGTATGCGGGCG,0.0018
gRNA1287,GGTATGCGGGCGCGGGGCCG,0.0018
gRNA1288,GGTATGCGGGGGTACCG,0.0018
gRNA1289,GGTATGCGGGGTATCCG,0.0018
gRNA1290,GGTATGCGGGGTATGCG,0.0018
gRNA1291,GGTATGCGGGTAACCG,0.0018
gRNA1292,GGTATGCGGGTACAATCTCCG,0.0018
gRNA1293,GGTATGCGGGTACCG,0.0018
gRNA1294,GGTATGCGGGTCCG,0.0018
gRNA1295,GGTATGCGGGTGCAAT,0.0018
gRNA1296,GGTATGCGGGTGCAATATGCACCG,0.0018
gRNA1297,GGTATGCGGGTGCAATCCCCG,0.0018
gRNA1298,GGTATGCGGGTGCAATCGCCG,0.0018
gRNA1299,GGTATGCGGGTGCTCCG,0.0018
gRNA1300,GGTATGCGGGTTACCG,0.0018
gRNA1301,GGTATGCGGTATACG,0.0018
gRNA1302,GGTATGCGGTATAG,0.0018
gRNA1303,GGTATGCGGTATGCAATCCG,0.0018
gRNA1304,GGTATGCGGTATGCATACCCCG,0.0018
gRNA1305,GGTATGCGGTATGCGGATG,0.0018
gRNA1306,GGTATGCGGTATGCGGATGCAATACCCG,0.0018
gRNA1307,GGTATGCGGTATGCGGATGCAATCCG,0.0018
gRNA1308,GGTATGCGGTATGCGGATGCGGTATG,0.0018
gRNA1309,GGTATGCGGTATGCGGCTGCG,0.0018
gRNA1310,GGTATGCGGTATGCGGGTATCCG,0.0018
gRNA1311,GGTATGCGGTATGCGGTATGCGGTAACCG,0.0018
gRNA1312,GGTATGCGGTATGCTCTAACCG,0.0018
gRNA1313,GGTATGCGGTATTGCG,0.0018
gRNA1314,GGTATGCGGTATTTCTAGCTCCG,0.0018
gRNA1315,GGTATGCGGTCTGC,0.0018
gRNA1316,GGTATGCGGTGAG,0.0018
gRNA1317,GGTATGCGGTGCAATCTCCG,0.0018
gRNA1318,GGTATGCGGTGCATACCG,0.0018
gRNA1319,GGTATGCGGTGCATGCG,0.0018
gRNA1320,GGTATGCGGTGCCCCG,0.0018
gRNA1321,GGTATGCGGTTATCCG,0.0018
gRNA1322,GGTATGCGGTTGCAGTCTCCG,0.0018
gRNA1323,GGTATGCGGTTTAGACCG,0.0018
gRNA1324,GGTATGCGGTTTCAATCTCCG,0.0018
gRNA1325,GGTATGCGTATGAAATCTACCG,0.0018
gRNA1326,GGTATGCGTATGAAATCTCCG,0.0018
gRNA1327,GGTATGCGTATGAAATCTTCCG,0.0018
gRNA1328,GGTATGCGTATGCAAACTCCG,0.0018
gRNA1329,GGTATGCGTATGCAATATCCG,0.0018
gRNA1330,GGTATGCGTATGCAATCACCG,0.0018
gRNA1331,GGTATGCGTATGCAATCATCCG,0.0018
gRNA1332,GGTATGCGTATGCAATCGCCG,0.0018
gRNA1333,GGTATGCGTATGCAATCTACG,0.0018
gRNA1334,GGTATGCGTATGCAATCTCCT,0.0018
gRNA1335,GGTATGCGTATGCGGATGCG,0.0018
gRNA1336,GGTATGCGTATTCATACCG,0.0018
gRNA1337,GGTATGCGTCG,0.0018
gRNA1338,GGTATGCTAGCTCTAACCG,0.0018
gRNA1339,GGTATGCTATTTCTAGCTTCCG,0.0018
gRNA1340,GGTATGCTGAAGCAATCTCCG,0.0018
gRNA1341,GGTATGCTGATGCAAACTCCG,0.0018
gRNA1342,GGTATGCTGATGCAATCCG,0.0018
gRNA1343,GGTATGCTGATGCAATCGCCG,0.0018
gRNA1344,GGTATGCTGATGCAATCTACG,0.0018
gRNA1345,GGTATGCTGATGCAATCTCCT,0.0018
gRNA1346,GGTATGCTGATGCCG,0.0018
gRNA1347,GGTATGCTGCTGCG,0.0018
gRNA1348,GGTATGCTTATGAAATCTCCG,0.0018
gRNA1349,GGTATGGGGATGCAATCCGGCATTAGTCCG,0.0018
gRNA1350,GGTATGGGGATGCAATCTACC,0.0018
gRNA1351,GGTATGGGGATGCAGG,0.0018
gRNA1352,GGTATGGGGATGCG,0.0018
gRNA1353,GGTATGGGGGTGCAATCTCCG,0.0018
gRNA1354,GGTATGTAAAAAAAAAAAAAAAAAAAA,0.0018
gRNA1355,GGTATGTGGATGCAATCCG,0.0018
gRNA1356,GGTATGTGGATGCAATCCGGATGCATCCG,0.0018
gRNA1357,GGTATGTGGATGCAATCTCAG,0.0018
gRNA1358,GGTATGTGGATGCAATCTCTCCG,0.0018
gRNA1359,GGTATGTGGATGCAATCTTTCCG,0.0018
gRNA1360,GGTATGTGGATGCAGTCTCCG,0.0018
gRNA1361,GGTATGTGGATGCGGATACCG,0.0018
gRNA1362,GGTATGTGGATGCTAGATTAGATG,0.0018
gRNA1363,GGTATGTGGTATGCG,0.0018
gRNA1364,GGTATGTGTATGCAATCTCCG,0.0018
gRNA1365,GGTATGTTAACCCCG,0.0018
gRNA1366,GGTATGTTGATGCAATCTCCG,0.0018
gRNA1367,GGTATGTTTAACACCG,0.0018
gRNA1368,GGTATTC,0.0018
gRNA1369,GGTATTCGG,0.0018
gRNA1370,GGTATTCGGAAGCAATATCCG,0.0018
gRNA1371,GGTATTCGGATGATCCG,0.0018
gRNA1372,GGTATTCGGATGCAAACTAACCG,0.0018
gRNA1373,GGTATTCGGATGCAAACTCCC,0.0018
gRNA1374,GGTATTCGGATGCAAACTCCG,0.0018
gRNA1375,GGTATTCGGATGCAATCACCG,0.0018
gRNA1376,GGTATTCGGATGCAATCTACAG,0.0018
gRNA1377,GGTATTCGGATGCAATCTACG,0.0018
gRNA1378,GGTATTCGGATGCAATCTCACCG,0.0018
gRNA1379,GGTATTCGGATGCAATCTCAG,0.0018
gRNA1380,GGTATTCGGATGCAATCTCCC,0.0018
gRNA1381,GGTATTCGGATTCAATATCCG,0.0018
gRNA1382,GGTATTCGTATGCAATCACCG,0.0018
gRNA1383,GGTATTCTGAAGCTAGATTAGATG,0.0018
gRNA1384,GGTATTGCGGATGCAATCACCG,0.0018
gRNA1385,GGTCGGCGGATCCG,0.0018
gRNA1386,GGTCTGCGGATGC,0.0018
gRNA1387,GGTCTGCGGATGCAATCCG,0.0018
gRNA1388,GGTCTGCGGATGCAATCTAACCCCCG,0.0018
gRNA1389,GGTCTGCGGATGCAATCTCAG,0.0018
gRNA1390,GGTCTGCGGATGCACCG,0.0018
gRNA1391,GGTCTGCGGATGCCATCTCCG,0.0018
gRNA1392,GGTCTGCGGATGCG,0.0018
gRNA1393,GGTGCG,0.0018
gRNA1394,GGTGCGGATGCAATCTCCG,0.0018
gRNA1395,GGTGTGCGGATCCG,0.0018
gRNA1396,GGTGTGCGGATGCAATACCG,0.0018
gRNA1397,GGTGTGCGGATGCAATCTCGG,0.0018
gRNA1398,GGTGTGCGGCAATC,0.0018
gRNA1399,GGTGTTTCTAACCG,0.0018
gRNA1400,GGTGTTTCTAGGGTTAAAAAAAAGGA,0.0018
gRNA1401,GGTTAGAGAAACC,0.0018
gRNA1402,GGTTAGAGAAACCG,0.0018
gRNA1403,GGTTGCG,0.0018
gRNA1404,GGTTGCGGTCCG,0.0018
gRNA1405,GGTTTATAACACAGG,0.0018
gRNA1406,GGTTTGCGGATGCAAACTCCG,0.0018
gRNA1407,GGTTTGCGGATGCAATCTCAG,0.0018
gRNA1408,GGTTTGCGGATGCAATCTTCCG,0.0018
gRNA1409,GTAATCCGAATCAAAAAAACG,0.0018
gRNA1410,GTAATGCGGATGCAATCCG,0.0018
gRNA1411,GTATGCGGATGCAAAATACG,0.0018
gRNA1412,GTATGCGGATGCACTCTCCG,0.0018
gRNA1413,GTCTAGCTAACCCCG,0.0018
gRNA1414,GTGTATGCGGATGCAATCTCCG,0.0018
gRNA1415,GTTAAGCGGATGAAATCACCG,0.0018
gRNA1416,GTTATCCGGATGCAATCTACCG,0.0018
gRNA1417,GTTATGAGGATGCAATCTCCG,0.0018
gRNA1418,GTTATGCGGAGCAAACTCCG,0.0018
gRNA1419,GTTATGCGGATCCAAACTCCG,0.0018
gRNA1420,GTTATGCGGATCCAATCTCCG,0.0018
gRNA1421,GTTATGCGGATGAAAACTTCCG,0.0018
gRNA1422,GTTATGCGGATGAAATCTCCC,0.0018
gRNA1423,GTTATGCGGATGAAATCTTCCG,0.0018
gRNA1424,GTTATGCGGATGCAAACTCCG,0.0018
gRNA1425,GTTATGCGGATGCAAG,0.0018
gRNA1426,GTTATGCGGATGCAATACCG,0.0018
gRNA1427,GTTATGCGGATGCAATATCCG,0.0018
gRNA1428,GTTATGCGGATGCAATCTACG,0.0018
gRNA1429,GTTATGCGGATGCAATCTCAG,0.0018
gRNA1430,GTTATGCGGATGCAATCTCCT,0.0018
gRNA1431,GTTATGCGGATGCACTCTCCG,0.0018
gRNA1432,GTTATGCGGATGCATAATCCG,0.0018
gRNA1433,GTTATGCGGATGCATACCG,0.0018
gRNA1434,GTTATGCGGTATGCG,0.0018
gRNA1435,GTTATGCGTATGCAATCTCCG,0.0018
gRNA1436,GTTATGCGTATGCATCCG,0.0018
gRNA1437,GTTATGCTGATGCAATCTCCG,0.0018
gRNA1438,GTTATTCGGATGCAATCTCAG,0.0018
gRNA1439,GTTATTCGGATGCAATCTCCG,0.0018
gRNA1440,TATAAGCATAAA,0.0018
gRNA1441,TATAAGCATAAAAAATCCG,0.0018
gRNA1442,TATAAGCATAAAAACAC,0.0018
gRNA1443,TATAAGCATAAGAATACCG,0.0018
gRNA1444,TATAAGCATGAGCTCTCCG,0.0018
gRNA1445,TCTCCTGGCGTAGC,0.0018
gRNA1446,TGAAA,0.0018
gRNA1447,TGTAAGCAGAAGCAATCTCCG,0.0018
gRNA1448,TGTAAGCAGAATCAATCACCG,0.0018
gRNA1449,TGTAAGCCGAAGCAATCACCG,0.0018
gRNA1450,TGTAAGCGGAAGCAATCTCCG,0.0018
gRNA1451,TGTAAGCGGATGCAATCACCG,0.0018
gRNA1452,TGTAAGCGTAAGCAATCTCCG,0.0018
gRNA1453,TGTAGGCGGATGC,0.0018
gRNA1454,TGTATGAGGATGCAAACTCCG,0.0018
gRNA1455,TGTATGAGGATGCAATCTCCG,0.0018
gRNA1456,TGTATGCAGATGCAATCTCCG,0.0018
gRNA1457,TGTATGCGAATGCAATATCCG,0.0018
gRNA1458,TGTATGCGGAACCCCG,0.0018
gRNA1459,TGTATGCGGAAGCAATCTCCG,0.0018
gRNA1460,TGTATGCGGAGGCAATCTCCG,0.0018
gRNA1461,TGTATGCGGATG,0.0018
gRNA1462,TGTATGCGGATGAAATCTCCG,0.0018
gRNA1463,TGTATGCGGATGCAAACTCCG,0.0018
gRNA1464,TGTATGCGGATGCAACTCCG,0.0018
gRNA1465,TGTATGCGGATGCAATACG,0.0018
gRNA1466,TGTATGCGGATGCAATCTCAG,0.0018
gRNA1467,TGTATGCGGATGCAATCTTCCG,0.0018
gRNA1468,TGTATGCGGATGCAATCTTCTCCG,0.0018
gRNA1469,TGTATGCGGATGCACTCTCCG,0.0018
gRNA1470,TGTATGCGGATGTAATCTCCG,0.0018
gRNA1471,TGTATGCGGATTCAATCTCCG,0.0018
gRNA1472,TGTATGCGTATGCAATCACCG,0.0018
gRNA1473,TGTATGCTGATGAAATCTCCG,0.0018
gRNA1474,TGTCTGCGGATGCAATCTCCG,0.0018
gRNA1475,TTTAAGCGGAAGCG,0.0018
gRNA1476,TTTAAGCGGATGAAATCTCCC,0.0018
gRNA1477,TTTAATCCCAGCTCTCTGTTGTA,0.0018
gRNA1478,TTTATGCGGATGCAATCTCCG,0.0018
gRNA1479,TTTCCACGGATGCATACCG,0.0018
gRNA1480,TTTTTCTACAAGTGAAGACTCT,0.0018
